CREATE OR REPLACE USER 'local_user'@'localhost' IDENTIFIED BY 'password';
DROP DATABASE IF EXISTS db_fiches_dev;
create database db_fiches_dev;
grant all privileges on db_fiches_dev.* TO 'local_user'@'localhost' identified by 'password';
flush privileges;
USE db_fiches_dev;


CREATE TABLE Personnel
(
    id_personnel INT AUTO_INCREMENT,
    nom          VARCHAR(50) NOT NULL,
    prenom       VARCHAR(50) NOT NULL,
    login        VARCHAR(50) NOT NULL,
    mdp          TEXT        NOT NULL,
    role         VARCHAR(50) NOT NULL,
    email        VARCHAR(100),
    essaies      INT         NOT NULL DEFAULT (0),
    PRIMARY KEY (id_personnel),
    CONSTRAINT ch_personnel_role CHECK (role IN
                                        ('SuperAdministrateur', 'Educateur Administrateur', 'Educateur', 'CIP')),
    CONSTRAINT ch_personnel_essaies CHECK (Personnel.essaies >= 0 AND Personnel.essaies <= 3)
);

CREATE TABLE Apprenti
(
    id_apprenti INT AUTO_INCREMENT,
    nom         VARCHAR(50) NOT NULL,
    prenom      VARCHAR(50) NOT NULL,
    login       VARCHAR(50) NOT NULL,
    mdp         TEXT        NOT NULL,
    photo       VARCHAR(100),
    essaies     INT         NOT NULL DEFAULT (0),
    PRIMARY KEY (id_apprenti),
    CONSTRAINT ch_apprenti_essaies CHECK (Apprenti.essaies >= 0 AND Apprenti.essaies <= 5)
);

CREATE TABLE Formation
(
    id_formation  INT AUTO_INCREMENT,
    intitule      VARCHAR(50) NOT NULL,
    niveau_qualif SMALLINT    NOT NULL,
    groupe        VARCHAR(50),
    image         VARCHAR(100),
    PRIMARY KEY (id_formation)
);

CREATE TABLE Session
(
    id_session   INT AUTO_INCREMENT,
    theme        VARCHAR(50) NOT NULL,
    cours        VARCHAR(50) NOT NULL,
    duree        INT,
    id_formation INT         NOT NULL,
    PRIMARY KEY (id_session),
    FOREIGN KEY (id_formation) REFERENCES Formation (id_formation)
);

CREATE TABLE EducAdmin
(
    id_personnel INT,
    PRIMARY KEY (id_personnel),
    FOREIGN KEY (id_personnel) REFERENCES Personnel (id_personnel)
);

CREATE TABLE Pictogramme
(
    id_pictogramme INT AUTO_INCREMENT,
    label          VARCHAR(50),
    url            VARCHAR(100),
    categorie      VARCHAR(50),
    PRIMARY KEY (id_pictogramme)
);

CREATE TABLE ElementBase
(
    id_element     INT AUTO_INCREMENT,
    libelle        VARCHAR(50) NOT NULL,
    type           VARCHAR(50) NOT NULL,
    text           VARCHAR(50),
    audio          VARCHAR(100),
    id_personnel   INT,
    id_pictogramme INT,
    PRIMARY KEY (id_element),
    FOREIGN KEY (id_personnel) REFERENCES EducAdmin (id_personnel),
    FOREIGN KEY (id_pictogramme) REFERENCES Pictogramme (id_pictogramme)
);

CREATE TABLE FicheIntervention
(
    id_fiche             INT AUTO_INCREMENT,
    numero               SMALLINT,
    nom_du_demandeur     VARCHAR(50),
    date_demande         DATE,
    localisation         VARCHAR(50),
    description_demande  TEXT,
    degre_urgence        TINYINT,
    couleur_intervention VARCHAR(50),
    etat_fiche           TINYINT,
    date_creation        DATETIME,
    photo_avant         VARCHAR(150),
    photo_apres         VARCHAR(150),
    id_personnel         INT NOT NULL,
    id_apprenti          INT NOT NULL,
    PRIMARY KEY (id_fiche),
    FOREIGN KEY (id_personnel) REFERENCES EducAdmin (id_personnel),
    FOREIGN KEY (id_apprenti) REFERENCES Apprenti (id_apprenti),
    CONSTRAINT ch_fiche_etat CHECK (FicheIntervention.etat_fiche >= 0 AND FicheIntervention.etat_fiche <= 2),
    CONSTRAINT ch_fiche_degre CHECK (FicheIntervention.degre_urgence >= 1 AND FicheIntervention.degre_urgence <= 4)
);

CREATE TABLE LaisserTrace
(
    id_personnel      INT,
    horodatage        DATETIME,
    intitule          VARCHAR(50) NOT NULL,
    eval_texte        TEXT        NOT NULL,
    commentaire_texte TEXT        NOT NULL,
    eval_audio        VARCHAR(255),
    commentaire_audio VARCHAR(50),
    apprenti          BOOLEAN,
    id_fiche          INT         NOT NULL,
    PRIMARY KEY (id_personnel, horodatage),
    FOREIGN KEY (id_personnel) REFERENCES Personnel (id_personnel),
    FOREIGN KEY (id_fiche) REFERENCES FicheIntervention (id_fiche)
);

CREATE TABLE Assister
(
    id_apprenti INT,
    id_session  INT,
    PRIMARY KEY (id_apprenti, id_session),
    FOREIGN KEY (id_apprenti) REFERENCES Apprenti (id_apprenti),
    FOREIGN KEY (id_session) REFERENCES Session (id_session)
);

CREATE TABLE ComposerPresentation
(
    id_element         INT,
    id_fiche           INT,
    picto              VARCHAR(50),
    text               VARCHAR(50),
    taille_texte       VARCHAR(50),
    audio              VARCHAR(50),
    police             VARCHAR(50),
    couleur            VARCHAR(50),
    couleur_fond       VARCHAR(50),
    niveau             TINYINT,
    position_elem      VARCHAR(50),
    ordre_saisie_focus VARCHAR(50),
    PRIMARY KEY (id_element, id_fiche),
    FOREIGN KEY (id_element) REFERENCES ElementBase (id_element),
    FOREIGN KEY (id_fiche) REFERENCES FicheIntervention (id_fiche)
);



INSERT INTO Apprenti (nom, prenom, mdp, login, photo, essaies)
VALUES ('dummy', 'dummy', 'dummy', 'dummy', 'dummy', 0),
       ('Jacquard', 'Davy',
        '9d1e4686b284d51662885140bb6698c4df76b74120f4ac3321e0873a7024760c9a9b9a153111f4c015817af91aa7d071eb66eb003233e59d108d5d876b83f2b3',
        'DAJ12', 'photo_profile/chanteur.png', 0),
       ('Guilbert', 'Ange',
        '1cd2acb238967581ee76d7505ab6c7dd88a743069a8f3d246d2ea4a2568e8506842b5316a61f191faae7fa1132f329b1e36f06947a9e7584e05d4411e884daa3',
        'ANG12', 'photo_profile/chirurgien.png', 0),
       ('Poussin', 'Christian',
        'b4b925b7d4ff1c3635db8f866900ecd331466d03c8d4652e3f79b1246ebbd176d64dba022075bd261033c1e8bceb052afed0c1be78bea36f2d9e46c5dbde645d',
        'CHP14', 'photo_profile/hippie.png', 0),
       ('Trouvé', 'Éloi',
        'b6d2385e4e07960fed0536d888e38ddb2ddb435e5c714cc065ee809f30b29bcfe1414997ed9467b97a5691afc947a20031b11362ed9ca18d06b90c73d77ad8dd',
        'ELT10', 'photo_profile/marin.png', 5),
       ('Cordonnier', 'Danny',
        '2b4428f21d701980a10e295871e8a2c7297272b5ec29c29672f05a18e6624e7629a8bba35a6e36457b1dc54daea6879449c13733bc948e827b129329103169dd',
        'DAC15', 'photo_profile/medecin.png', 5),
       ('Massé', 'Xavier',
        'f2749305122d0f0a305cf1ad6f1f1110ee899c72661dea86ace3c0b215abf9f2c963a2325129f5163aa5e9a04f0eb2662b4b4ec921e8d747ebe3e0d007b2f7b7',
        'XAM11', 'photo_profile/pilote.png', 0),
       ('Meissa', 'Abdelkhader',
        '406a7ce132f622af2dc675e178fd5121729380183111f1b1d585b4e7937ae60de6f3d76c691ef71adb15ee32fd58d4379c2c3924e29715a3b6c2def9840df3aa',
        'ABM17', 'photo_profile/plongueur.png', 0);

INSERT INTO Personnel (nom, prenom, login, mdp, role, email, essaies)
VALUES ('Dupont', 'Jean', 'JED10',
        'd044ba79445b0cb09cf67529817f8cfc5ff6fa651ea83e4464d83b1135e93f1d6e03ca1adb8e780ad0325840da21cf66047bce904882c75a3b1873b15baede42',
        'SuperAdministrateur', 'mail@mail.com', 0),
       ('Lamar', 'Allain', 'ALL11',
        '1ce50cf1c0c3f55c946489aba6f878b62004a2846756236f16bde59420582fb78c43afcadf056ca59dcda94c2201bd0da9a13c7e6282759f42fa7aa417897f72',
        'Educateur Administrateur', 'mail@mail.com', 0),
       ('DitCharo', 'Mathieu', 'MAD14',
        'a421ce666367afb774b41cbccf0d08fd31d1f7785a355ffa96fd69d7354eecd0b890cfae8f7c838b726dea4558df9f06d5055177c69dc5524d45c63d3a33649b',
        'Educateur Administrateur', 'mail@mail.com', 0),
       ('Oskour', 'Jeanne', 'JEO12',
        'df7b278456c003766887e042c3264dcdef24b1ea7dac8944039c22445062762bc8db57636e4f1fc37dabddd69e64487ee1f2e8e9b8ab621503c6008ff118ca89',
        'Educateur', 'mail@mail.com', 3),
       ('Curry', 'Marie', 'MAC10',
        '86c76f9b58836f546e3c1d6a81cc06ba8cba1167714ebc257302a65c2dc7630732be3c91d3ab8230186df077d782080052e48a68ae0a1e659c7ff46b08889e2a',
        'Educateur', 'mail@mail.com', 0),
       ('Barre', 'Lenny', 'LEB08',
        'd825d45a695b82828f9925960a2300c393146df1d65cc54d45b2fa094ebce4c35a9dc7decda4ee5ed4f281506d4ec1f1e13676cefeaf24a6be6dbaf6a8ba994d',
        'Educateur', 'mail@mail.com', 0),
       ('Zirot', 'Benoit', 'BEZ11',
        '0e3fd69106a65064a44d40c9ea4dcf3117ef3e94b033a2c280dd124c9042af56379f15bc7e8ab67031409694f01cca5e5bd5f0a19b133da5a027e0cd57b1ab88',
        'Educateur', 'mail@mail.com', 0),
       ('Rouselle', 'Fabienne', 'FAR16',
        '783dfa2a9aae67aa236a5bb7644c982d5f41ec2939b478ec400a73b1c071a0d59171c0703edede13d800cd4ea39bfc0f22e583a13312f7af16b6f4d8d94f054a',
        'CIP', 'mail@mail.com', 0);

INSERT INTO EducAdmin (id_personnel)
VALUES (2),
       (3);

INSERT INTO Formation (intitule, niveau_qualif, groupe, image)
VALUES ('Parcours plomberie', 3, 1, 'formation_image/plomberie.jpg'),
       ('Parcours maintenance batiment', 3, 2, 'formation_image/maintenance_batiment.jpg');

INSERT INTO Session (theme, cours, duree, id_formation)
VALUES ('Probleme tuyauterie', 'Colmater fuite', 3, 1),
       ('Probleme tuyauterie', 'Remplacer tuyau rouillé', 4, 1),
       ('Probleme tuyauterie', 'Remplacer Joint', 2, 1),
       ('Changement Local', 'Demontage cuvette', 5, 1),
       ('Serrurier', 'Forcer serrure', 6, 2),
       ('Serrurier', 'Demonter serrure', 3, 2),
       ('Electrique', 'Remplacer tube néon', 3, 2);

INSERT INTO Assister (id_apprenti, id_session)
VALUES (2, 1),
       (2, 2),
       (2, 3),
       (2, 4),
       (3, 1),
       (3, 2),
       (3, 3),
       (3, 4),
       (4, 1),
       (4, 2),
       (4, 3),
       (4, 4),
       (5, 1),
       (5, 2),
       (5, 3),
       (5, 4),
       (6, 5),
       (6, 6),
       (6, 7),
       (7, 5),
       (7, 6),
       (7, 7),
       (8, 5),
       (8, 6),
       (8, 7);

INSERT INTO ElementBase (libelle, type, text, audio, id_personnel, id_pictogramme)
VALUES ('Intervenant', 'categorie', NULL, NULL, 2, NULL),
       ('Nom de l\'intervenant', 'text-short', NULL, NULL, 2, NULL),
       ('Prénom de l\'intervenant', 'text-short', NULL, NULL, 3, NULL),
       ('Intervention', 'categorie', NULL, NULL, 3, NULL),
       ('Durée de l\'intervention', 'date', NULL, NULL, 3, NULL),
       ('Durée de l\'opération', 'select-time', NULL, NULL, 2, NULL),
       ('Confirmation des informations', 'check', NULL, NULL, 2, NULL),
       ('Type de Maintenance', 'categorie', NULL, NULL, 3, NULL),
       ('améliorative', 'radio', NULL, NULL, 3, NULL),
       ('préventive', 'radio', NULL, NULL, 2, NULL),
       ('corrective', 'radio', NULL, NULL, 2, NULL),
       ('Nature de l\'intervention', 'categorie', NULL, NULL, 3, NULL),
       ('Aménagement', 'radio', NULL, NULL, 3, NULL),
       ('Finitions', 'radio', NULL, NULL, 3, NULL),
       ('Installation sanitaire', 'radio', NULL, NULL, 3, NULL),
       ('Installation électrique', 'radio', NULL, NULL, 3, NULL),
       ('Description du travail', 'categorie', NULL, NULL, 2, NULL),
       ('Travaux réalisés', 'text-area', NULL, NULL, 2, NULL),
       ('Travaux non réalisé', 'text-area', NULL, NULL, 2, NULL),
       ('Nécessite une nouvelle intervention', 'check', NULL, NULL, 2, NULL),
       ('Matériaux utilisés', 'categorie', NULL, NULL, 2, NULL),
       ('Materiel 1', 'select-materiel', NULL, NULL, 2, NULL),
       ('Materiel 2', 'select-materiel', NULL, NULL, 2, NULL),
       ('Materiel 3', 'select-materiel', NULL, NULL, 2, NULL),
       ('Materiel 4', 'select-materiel', NULL, NULL, 3, NULL),
       ('Materiel 5', 'select-materiel', NULL, NULL, 3, NULL),
       ('Materiel 6', 'select-materiel', NULL, NULL, 3, NULL),
       ('Materiel 7', 'select-materiel', NULL, NULL, 3, NULL),
       ('Materiel 8', 'select-materiel', NULL, NULL, 3, NULL),
       ('Materiel 9', 'select-materiel', NULL, NULL, 3, NULL),
       ('Materiel 10', 'select-materiel', NULL, NULL, 3, NULL);

INSERT INTO FicheIntervention (id_fiche, numero, nom_du_demandeur, date_demande, localisation, description_demande,
                               degre_urgence, couleur_intervention, etat_fiche, date_creation, id_personnel,
                               id_apprenti)
VALUES (1, 0, 'dummy', '1990-01-01', 'dummy', 'dummy', 4, 'vert', 0, '1999-01-01 01:01:01', 2, 1),
       (2, 1, 'Mermaid Corp', '2023-11-03', 'Espace Lingerie', 'Lorem Ipsum 1', 3, 'jaune', 0, '2023-11-03 12:30:00', 2,
        2),
       (3, 1, 'CROUS', '2023-11-05', 'Batiment A', 'Lorem Ipsum 2', 2, 'orange', 0, '2023-10-05 07:12:01', 2, 3),
       (4, 1, 'La Region', '2023-05-08', 'Ecole ST Maurice', 'Lorem Ipsum 3', 1, 'rouge', 0, '2023-05-08 14:34:01', 3,
        4),
       (5, 1, 'Epicier', '2023-05-26', 'Arriere boutique', 'Lorem Ipsum 4', 3, 'jaune', 2, '2023-05-24 01:01:01', 3, 5),
       (6, 2, 'Mermaid Corp', '2023-11-03', 'Espace Lingerie', 'Lorem Ipsum 1', 3, 'jaune', 1, '2023-11-03 12:30:00', 2,
        5),
       (7, 2, 'CROUS', '2023-11-05', 'Batiment A', 'Lorem Ipsum 2', 2, 'orange', 1, '2023-10-05 07:12:01', 2, 2),
       (8, 2, 'La Region', '2023-05-08', 'Ecole ST Maurice', 'Lorem Ipsum 3', 1, 'rouge', 1, '2023-05-08 14:34:01', 3,
        3),
       (9, 2, 'Epicier', '2023-05-26', 'Arriere boutique', 'Lorem Ipsum 4', 3, 'jaune', 1, '2023-05-24 01:01:01', 3, 4),
       (10, 3, 'Mermaid Corp', '2023-11-03', 'Espace Lingerie', 'Lorem Ipsum 1', 3, 'jaune', 1, '2023-11-03 12:30:00',
        2, 4),
       (11, 3, 'CROUS', '2023-11-05', 'Batiment A', 'Lorem Ipsum 2', 2, 'orange', 1, '2023-10-05 07:12:01', 2, 5),
       (12, 3, 'La Region', '2023-05-08', 'Ecole ST Maurice', 'Lorem Ipsum 3', 1, 'rouge', 1, '2023-05-08 14:34:01', 3,
        2),
       (13, 3, 'Epicier', '2023-05-26', 'Arriere boutique', 'Lorem Ipsum 4', 3, 'jaune', 1, '2023-05-24 01:01:01', 3,
        3);


INSERT INTO ComposerPresentation (id_element, id_fiche, picto, text, taille_texte, audio, police, couleur, couleur_fond,
                                  niveau, position_elem, ordre_saisie_focus)
VALUES (1, 1, NULL, NULL, 15, NULL, 'Oswald', 'black', NULL, NULL, '10', NULL),
       (2, 1, NULL, NULL, 15, NULL, 'Montserrat', 'black', 'white', 1, '11', NULL),
       (3, 1, NULL, NULL, 15, NULL, 'Montserrat', 'black', 'white', 1, '12', NULL),
       (4, 1, NULL, NULL, 15, NULL, 'Oswald', 'black', NULL, NULL, '20', NULL),
       (5, 1, NULL, NULL, 15, NULL, 'Montserrat', 'black', 'white', 1, '21', NULL),
       (6, 1, NULL, NULL, 15, NULL, 'Montserrat', 'black', 'white', 1, '22', NULL),
       (7, 1, NULL, NULL, 15, NULL, 'Montserrat', 'black', 'white', 1, '23', NULL),
       (8, 1, NULL, NULL, 15, NULL, 'Oswald', 'black', NULL, NULL, '30', NULL),
       (9, 1, NULL, NULL, 15, NULL, 'Montserrat', 'black', 'white', 1, '31', NULL),
       (10, 1, NULL, NULL, 15, NULL, 'Montserrat', 'black', 'white', 1, '32', NULL),
       (11, 1, NULL, NULL, 15, NULL, 'Montserrat', 'black', 'white', 1, '33', NULL),
       (12, 1, NULL, NULL, 15, NULL, 'Oswald', 'black', NULL, NULL, '40', NULL),
       (13, 1, NULL, NULL, 15, NULL, 'Montserrat', 'black', 'white', 1, '41', NULL),
       (14, 1, NULL, NULL, 15, NULL, 'Montserrat', 'black', 'white', 1, '42', NULL),
       (15, 1, NULL, NULL, 15, NULL, 'Montserrat', 'black', 'white', 1, '43', NULL),
       (16, 1, NULL, NULL, 15, NULL, 'Montserrat', 'black', 'white', 1, '44', NULL),
       (17, 1, NULL, NULL, 15, NULL, 'Oswald', 'black', NULL, NULL, '50', NULL),
       (18, 1, NULL, NULL, 15, NULL, 'Montserrat', 'black', 'white', 1, '51', NULL),
       (19, 1, NULL, NULL, 15, NULL, 'Montserrat', 'black', 'white', 1, '52', NULL),
       (20, 1, NULL, NULL, 15, NULL, 'Montserrat', 'black', 'white', 1, '53', NULL),
       (21, 1, NULL, NULL, 15, NULL, 'Oswald', 'black', NULL, NULL, '60', NULL),
       (22, 1, NULL, NULL, 15, NULL, 'Montserrat', 'black', 'white', 1, '61', NULL),
       (23, 1, NULL, NULL, 15, NULL, 'Montserrat', 'black', 'white', 1, '62', NULL),
       (24, 1, NULL, NULL, 15, NULL, 'Montserrat', 'black', 'white', 1, '63', NULL),
       (25, 1, NULL, NULL, 15, NULL, 'Montserrat', 'black', 'white', 1, '64', NULL),
       (26, 1, NULL, NULL, 15, NULL, 'Montserrat', 'black', 'white', 1, '65', NULL),
       (27, 1, NULL, NULL, 15, NULL, 'Montserrat', 'black', 'white', 1, '66', NULL),
       (28, 1, NULL, NULL, 15, NULL, 'Montserrat', 'black', 'white', 1, '67', NULL),
       (29, 1, NULL, NULL, 15, NULL, 'Montserrat', 'black', 'white', 1, '68', NULL),
       (30, 1, NULL, NULL, 15, NULL, 'Montserrat', 'black', 'white', 1, '69', NULL),
       (31, 1, NULL, NULL, 15, NULL, 'Montserrat', 'black', 'white', 1, '610', NULL),
       (1, 2, NULL, NULL, 15, NULL, 'Oswald', 'black', NULL, NULL, '10', NULL),
       (2, 2, NULL, NULL, 15, NULL, 'Montserrat', 'black', 'white', 1, '11', NULL),
       (3, 2, NULL, NULL, 15, NULL, 'Montserrat', 'black', 'white', 1, '12', NULL),
       (4, 2, NULL, NULL, 15, NULL, 'Oswald', 'black', NULL, NULL, '20', NULL),
       (5, 2, NULL, NULL, 15, NULL, 'Montserrat', 'black', 'white', 1, '21', NULL),
       (6, 2, NULL, NULL, 15, NULL, 'Montserrat', 'black', 'white', 1, '22', NULL),
       (7, 2, NULL, NULL, 15, NULL, 'Montserrat', 'black', 'white', 1, '23', NULL),
       (8, 2, NULL, NULL, 15, NULL, 'Oswald', 'black', NULL, NULL, '30', NULL),
       (9, 2, NULL, NULL, 15, NULL, 'Montserrat', 'black', 'white', 1, '31', NULL),
       (10, 2, NULL, NULL, 15, NULL, 'Montserrat', 'black', 'white', 1, '32', NULL),
       (11, 2, NULL, NULL, 15, NULL, 'Montserrat', 'black', 'white', 1, '33', NULL),
       (12, 2, NULL, NULL, 15, NULL, 'Oswald', 'black', NULL, NULL, '40', NULL),
       (13, 2, NULL, NULL, 15, NULL, 'Montserrat', 'black', 'white', 1, '41', NULL),
       (14, 2, NULL, NULL, 15, NULL, 'Montserrat', 'black', 'white', 1, '42', NULL),
       (15, 2, NULL, NULL, 15, NULL, 'Montserrat', 'black', 'white', 1, '43', NULL),
       (16, 2, NULL, NULL, 15, NULL, 'Montserrat', 'black', 'white', 1, '44', NULL),
       (17, 2, NULL, NULL, 15, NULL, 'Oswald', 'black', NULL, NULL, '50', NULL),
       (18, 2, NULL, NULL, 15, NULL, 'Montserrat', 'black', 'white', 1, '51', NULL),
       (19, 2, NULL, NULL, 15, NULL, 'Montserrat', 'black', 'white', 1, '52', NULL),
       (20, 2, NULL, NULL, 15, NULL, 'Montserrat', 'black', 'white', 1, '53', NULL),
       (21, 2, NULL, NULL, 15, NULL, 'Oswald', 'black', NULL, NULL, '60', NULL),
       (22, 2, NULL, NULL, 15, NULL, 'Montserrat', 'black', 'white', 1, '61', NULL),
       (23, 2, NULL, NULL, 15, NULL, 'Montserrat', 'black', 'white', 1, '62', NULL),
       (24, 2, NULL, NULL, 15, NULL, 'Montserrat', 'black', 'white', 1, '63', NULL),
       (25, 2, NULL, NULL, 15, NULL, 'Montserrat', 'black', 'white', 1, '64', NULL),
       (26, 2, NULL, NULL, 15, NULL, 'Montserrat', 'black', 'white', 1, '65', NULL),
       (27, 2, NULL, NULL, 15, NULL, 'Montserrat', 'black', 'white', 1, '66', NULL),
       (28, 2, NULL, NULL, 15, NULL, 'Montserrat', 'black', 'white', 1, '67', NULL),
       (29, 2, NULL, NULL, 15, NULL, 'Montserrat', 'black', 'white', 1, '68', NULL),
       (30, 2, NULL, NULL, 15, NULL, 'Montserrat', 'black', 'white', 1, '69', NULL),
       (31, 2, NULL, NULL, 15, NULL, 'Montserrat', 'black', 'white', 1, '610', NULL),
       (1, 3, NULL, NULL, 15, NULL, 'Oswald', 'black', NULL, NULL, '10', NULL),
       (2, 3, NULL, NULL, 15, NULL, 'Montserrat', 'black', 'white', 1, '11', NULL),
       (3, 3, NULL, NULL, 15, NULL, 'Montserrat', 'black', 'white', 1, '12', NULL),
       (4, 3, NULL, NULL, 15, NULL, 'Oswald', 'black', NULL, NULL, '20', NULL),
       (5, 3, NULL, NULL, 15, NULL, 'Montserrat', 'black', 'white', 1, '21', NULL),
       (6, 3, NULL, NULL, 15, NULL, 'Montserrat', 'black', 'white', 1, '22', NULL),
       (7, 3, NULL, NULL, 15, NULL, 'Montserrat', 'black', 'white', 1, '23', NULL),
       (8, 3, NULL, NULL, 15, NULL, 'Oswald', 'black', NULL, NULL, '30', NULL),
       (9, 3, NULL, NULL, 15, NULL, 'Montserrat', 'black', 'white', 1, '31', NULL),
       (10, 3, NULL, NULL, 15, NULL, 'Montserrat', 'black', 'white', 1, '32', NULL),
       (11, 3, NULL, NULL, 15, NULL, 'Montserrat', 'black', 'white', 1, '33', NULL),
       (12, 3, NULL, NULL, 15, NULL, 'Oswald', 'black', NULL, NULL, '40', NULL),
       (13, 3, NULL, NULL, 15, NULL, 'Montserrat', 'black', 'white', 1, '41', NULL),
       (14, 3, NULL, NULL, 15, NULL, 'Montserrat', 'black', 'white', 1, '42', NULL),
       (15, 3, NULL, NULL, 15, NULL, 'Montserrat', 'black', 'white', 1, '43', NULL),
       (16, 3, NULL, NULL, 15, NULL, 'Montserrat', 'black', 'white', 1, '44', NULL),
       (17, 3, NULL, NULL, 15, NULL, 'Oswald', 'black', NULL, NULL, '50', NULL),
       (18, 3, NULL, NULL, 15, NULL, 'Montserrat', 'black', 'white', 1, '51', NULL),
       (19, 3, NULL, NULL, 15, NULL, 'Montserrat', 'black', 'white', 1, '52', NULL),
       (20, 3, NULL, NULL, 15, NULL, 'Montserrat', 'black', 'white', 1, '53', NULL),
       (21, 3, NULL, NULL, 15, NULL, 'Oswald', 'black', NULL, NULL, '60', NULL),
       (22, 3, NULL, NULL, 15, NULL, 'Montserrat', 'black', 'white', 1, '61', NULL),
       (23, 3, NULL, NULL, 15, NULL, 'Montserrat', 'black', 'white', 1, '62', NULL),
       (24, 3, NULL, NULL, 15, NULL, 'Montserrat', 'black', 'white', 1, '63', NULL),
       (25, 3, NULL, NULL, 15, NULL, 'Montserrat', 'black', 'white', 1, '64', NULL),
       (26, 3, NULL, NULL, 15, NULL, 'Montserrat', 'black', 'white', 1, '65', NULL),
       (27, 3, NULL, NULL, 15, NULL, 'Montserrat', 'black', 'white', 1, '66', NULL),
       (28, 3, NULL, NULL, 15, NULL, 'Montserrat', 'black', 'white', 1, '67', NULL),
       (29, 3, NULL, NULL, 15, NULL, 'Montserrat', 'black', 'white', 1, '68', NULL),
       (30, 3, NULL, NULL, 15, NULL, 'Montserrat', 'black', 'white', 1, '69', NULL),
       (31, 3, NULL, NULL, 15, NULL, 'Montserrat', 'black', 'white', 1, '610', NULL),
       (1, 4, NULL, NULL, 15, NULL, 'Oswald', 'black', NULL, NULL, '10', NULL),
       (2, 4, NULL, NULL, 15, NULL, 'Montserrat', 'black', 'white', 1, '11', NULL),
       (3, 4, NULL, NULL, 15, NULL, 'Montserrat', 'black', 'white', 1, '12', NULL),
       (4, 4, NULL, NULL, 15, NULL, 'Oswald', 'black', NULL, NULL, '20', NULL),
       (5, 4, NULL, NULL, 15, NULL, 'Montserrat', 'black', 'white', 1, '21', NULL),
       (6, 4, NULL, NULL, 15, NULL, 'Montserrat', 'black', 'white', 1, '22', NULL),
       (7, 4, NULL, NULL, 15, NULL, 'Montserrat', 'black', 'white', 1, '23', NULL),
       (8, 4, NULL, NULL, 15, NULL, 'Oswald', 'black', NULL, NULL, '30', NULL),
       (9, 4, NULL, NULL, 15, NULL, 'Montserrat', 'black', 'white', 1, '31', NULL),
       (10, 4, NULL, NULL, 15, NULL, 'Montserrat', 'black', 'white', 1, '32', NULL),
       (11, 4, NULL, NULL, 15, NULL, 'Montserrat', 'black', 'white', 1, '33', NULL),
       (12, 4, NULL, NULL, 15, NULL, 'Oswald', 'black', NULL, NULL, '40', NULL),
       (13, 4, NULL, NULL, 15, NULL, 'Montserrat', 'black', 'white', 1, '41', NULL),
       (14, 4, NULL, NULL, 15, NULL, 'Montserrat', 'black', 'white', 1, '42', NULL),
       (15, 4, NULL, NULL, 15, NULL, 'Montserrat', 'black', 'white', 1, '43', NULL),
       (16, 4, NULL, NULL, 15, NULL, 'Montserrat', 'black', 'white', 1, '44', NULL),
       (17, 4, NULL, NULL, 15, NULL, 'Oswald', 'black', NULL, NULL, '50', NULL),
       (18, 4, NULL, NULL, 15, NULL, 'Montserrat', 'black', 'white', 1, '51', NULL),
       (19, 4, NULL, NULL, 15, NULL, 'Montserrat', 'black', 'white', 1, '52', NULL),
       (20, 4, NULL, NULL, 15, NULL, 'Montserrat', 'black', 'white', 1, '53', NULL),
       (21, 4, NULL, NULL, 15, NULL, 'Oswald', 'black', NULL, NULL, '60', NULL),
       (22, 4, NULL, NULL, 15, NULL, 'Montserrat', 'black', 'white', 1, '61', NULL),
       (23, 4, NULL, NULL, 15, NULL, 'Montserrat', 'black', 'white', 1, '62', NULL),
       (24, 4, NULL, NULL, 15, NULL, 'Montserrat', 'black', 'white', 1, '63', NULL),
       (25, 4, NULL, NULL, 15, NULL, 'Montserrat', 'black', 'white', 1, '64', NULL),
       (26, 4, NULL, NULL, 15, NULL, 'Montserrat', 'black', 'white', 1, '65', NULL),
       (27, 4, NULL, NULL, 15, NULL, 'Montserrat', 'black', 'white', 1, '66', NULL),
       (28, 4, NULL, NULL, 15, NULL, 'Montserrat', 'black', 'white', 1, '67', NULL),
       (29, 4, NULL, NULL, 15, NULL, 'Montserrat', 'black', 'white', 1, '68', NULL),
       (30, 4, NULL, NULL, 15, NULL, 'Montserrat', 'black', 'white', 1, '69', NULL),
       (31, 4, NULL, NULL, 15, NULL, 'Montserrat', 'black', 'white', 1, '610', NULL),
       (1, 5, NULL, NULL, 15, NULL, 'Oswald', 'black', NULL, NULL, '10', NULL),
       (2, 5, NULL, NULL, 15, NULL, 'Montserrat', 'black', 'white', 1, '11', NULL),
       (3, 5, NULL, NULL, 15, NULL, 'Montserrat', 'black', 'white', 1, '12', NULL),
       (4, 5, NULL, NULL, 15, NULL, 'Oswald', 'black', NULL, NULL, '20', NULL),
       (5, 5, NULL, NULL, 15, NULL, 'Montserrat', 'black', 'white', 1, '21', NULL),
       (6, 5, NULL, NULL, 15, NULL, 'Montserrat', 'black', 'white', 1, '22', NULL),
       (7, 5, NULL, NULL, 15, NULL, 'Montserrat', 'black', 'white', 1, '23', NULL),
       (8, 5, NULL, NULL, 15, NULL, 'Oswald', 'black', NULL, NULL, '30', NULL),
       (9, 5, NULL, NULL, 15, NULL, 'Montserrat', 'black', 'white', 1, '31', NULL),
       (10, 5, NULL, NULL, 15, NULL, 'Montserrat', 'black', 'white', 1, '32', NULL),
       (11, 5, NULL, NULL, 15, NULL, 'Montserrat', 'black', 'white', 1, '33', NULL),
       (12, 5, NULL, NULL, 15, NULL, 'Oswald', 'black', NULL, NULL, '40', NULL),
       (13, 5, NULL, NULL, 15, NULL, 'Montserrat', 'black', 'white', 1, '41', NULL),
       (14, 5, NULL, NULL, 15, NULL, 'Montserrat', 'black', 'white', 1, '42', NULL),
       (15, 5, NULL, NULL, 15, NULL, 'Montserrat', 'black', 'white', 1, '43', NULL),
       (16, 5, NULL, NULL, 15, NULL, 'Montserrat', 'black', 'white', 1, '44', NULL),
       (17, 5, NULL, NULL, 15, NULL, 'Oswald', 'black', NULL, NULL, '50', NULL),
       (18, 5, NULL, NULL, 15, NULL, 'Montserrat', 'black', 'white', 1, '51', NULL),
       (19, 5, NULL, NULL, 15, NULL, 'Montserrat', 'black', 'white', 1, '52', NULL),
       (20, 5, NULL, NULL, 15, NULL, 'Montserrat', 'black', 'white', 1, '53', NULL),
       (21, 5, NULL, NULL, 15, NULL, 'Oswald', 'black', NULL, NULL, '60', NULL),
       (22, 5, NULL, NULL, 15, NULL, 'Montserrat', 'black', 'white', 1, '61', NULL),
       (23, 5, NULL, NULL, 15, NULL, 'Montserrat', 'black', 'white', 1, '62', NULL),
       (24, 5, NULL, NULL, 15, NULL, 'Montserrat', 'black', 'white', 1, '63', NULL),
       (25, 5, NULL, NULL, 15, NULL, 'Montserrat', 'black', 'white', 1, '64', NULL),
       (26, 5, NULL, NULL, 15, NULL, 'Montserrat', 'black', 'white', 1, '65', NULL),
       (27, 5, NULL, NULL, 15, NULL, 'Montserrat', 'black', 'white', 1, '66', NULL),
       (28, 5, NULL, NULL, 15, NULL, 'Montserrat', 'black', 'white', 1, '67', NULL),
       (29, 5, NULL, NULL, 15, NULL, 'Montserrat', 'black', 'white', 1, '68', NULL),
       (30, 5, NULL, NULL, 15, NULL, 'Montserrat', 'black', 'white', 1, '69', NULL),
       (31, 5, NULL, NULL, 15, NULL, 'Montserrat', 'black', 'white', 1, '610', NULL),
       (1, 6, NULL, NULL, 15, NULL, 'Oswald', 'black', NULL, NULL, '10', NULL),
       (2, 6, NULL, NULL, 15, NULL, 'Montserrat', 'black', 'white', 1, '11', NULL),
       (3, 6, NULL, NULL, 15, NULL, 'Montserrat', 'black', 'white', 1, '12', NULL),
       (4, 6, NULL, NULL, 15, NULL, 'Oswald', 'black', NULL, NULL, '20', NULL),
       (5, 6, NULL, NULL, 15, NULL, 'Montserrat', 'black', 'white', 1, '21', NULL),
       (6, 6, NULL, NULL, 15, NULL, 'Montserrat', 'black', 'white', 1, '22', NULL),
       (7, 6, NULL, NULL, 15, NULL, 'Montserrat', 'black', 'white', 1, '23', NULL),
       (8, 6, NULL, NULL, 15, NULL, 'Oswald', 'black', NULL, NULL, '30', NULL),
       (9, 6, NULL, NULL, 15, NULL, 'Montserrat', 'black', 'white', 1, '31', NULL),
       (10, 6, NULL, NULL, 15, NULL, 'Montserrat', 'black', 'white', 1, '32', NULL),
       (11, 6, NULL, NULL, 15, NULL, 'Montserrat', 'black', 'white', 1, '33', NULL),
       (12, 6, NULL, NULL, 15, NULL, 'Oswald', 'black', NULL, NULL, '40', NULL),
       (13, 6, NULL, NULL, 15, NULL, 'Montserrat', 'black', 'white', 1, '41', NULL),
       (14, 6, NULL, NULL, 15, NULL, 'Montserrat', 'black', 'white', 1, '42', NULL),
       (15, 6, NULL, NULL, 15, NULL, 'Montserrat', 'black', 'white', 1, '43', NULL),
       (16, 6, NULL, NULL, 15, NULL, 'Montserrat', 'black', 'white', 1, '44', NULL),
       (17, 6, NULL, NULL, 15, NULL, 'Oswald', 'black', NULL, NULL, '50', NULL),
       (18, 6, NULL, NULL, 15, NULL, 'Montserrat', 'black', 'white', 1, '51', NULL),
       (19, 6, NULL, NULL, 15, NULL, 'Montserrat', 'black', 'white', 1, '52', NULL),
       (20, 6, NULL, NULL, 15, NULL, 'Montserrat', 'black', 'white', 1, '53', NULL),
       (21, 6, NULL, NULL, 15, NULL, 'Oswald', 'black', NULL, NULL, '60', NULL),
       (22, 6, NULL, NULL, 15, NULL, 'Montserrat', 'black', 'white', 1, '61', NULL),
       (23, 6, NULL, NULL, 15, NULL, 'Montserrat', 'black', 'white', 1, '62', NULL),
       (24, 6, NULL, NULL, 15, NULL, 'Montserrat', 'black', 'white', 1, '63', NULL),
       (25, 6, NULL, NULL, 15, NULL, 'Montserrat', 'black', 'white', 1, '64', NULL),
       (26, 6, NULL, NULL, 15, NULL, 'Montserrat', 'black', 'white', 1, '65', NULL),
       (27, 6, NULL, NULL, 15, NULL, 'Montserrat', 'black', 'white', 1, '66', NULL),
       (28, 6, NULL, NULL, 15, NULL, 'Montserrat', 'black', 'white', 1, '67', NULL),
       (29, 6, NULL, NULL, 15, NULL, 'Montserrat', 'black', 'white', 1, '68', NULL),
       (30, 6, NULL, NULL, 15, NULL, 'Montserrat', 'black', 'white', 1, '69', NULL),
       (31, 6, NULL, NULL, 15, NULL, 'Montserrat', 'black', 'white', 1, '610', NULL),
       (1, 7, NULL, NULL, 15, NULL, 'Oswald', 'black', NULL, NULL, '10', NULL),
       (2, 7, NULL, NULL, 15, NULL, 'Montserrat', 'black', 'white', 1, '11', NULL),
       (3, 7, NULL, NULL, 15, NULL, 'Montserrat', 'black', 'white', 1, '12', NULL),
       (4, 7, NULL, NULL, 15, NULL, 'Oswald', 'black', NULL, NULL, '20', NULL),
       (5, 7, NULL, NULL, 15, NULL, 'Montserrat', 'black', 'white', 1, '21', NULL),
       (6, 7, NULL, NULL, 15, NULL, 'Montserrat', 'black', 'white', 1, '22', NULL),
       (7, 7, NULL, NULL, 15, NULL, 'Montserrat', 'black', 'white', 1, '23', NULL),
       (8, 7, NULL, NULL, 15, NULL, 'Oswald', 'black', NULL, NULL, '30', NULL),
       (9, 7, NULL, NULL, 15, NULL, 'Montserrat', 'black', 'white', 1, '31', NULL),
       (10, 7, NULL, NULL, 15, NULL, 'Montserrat', 'black', 'white', 1, '32', NULL),
       (11, 7, NULL, NULL, 15, NULL, 'Montserrat', 'black', 'white', 1, '33', NULL),
       (12, 7, NULL, NULL, 15, NULL, 'Oswald', 'black', NULL, NULL, '40', NULL),
       (13, 7, NULL, NULL, 15, NULL, 'Montserrat', 'black', 'white', 1, '41', NULL),
       (14, 7, NULL, NULL, 15, NULL, 'Montserrat', 'black', 'white', 1, '42', NULL),
       (15, 7, NULL, NULL, 15, NULL, 'Montserrat', 'black', 'white', 1, '43', NULL),
       (16, 7, NULL, NULL, 15, NULL, 'Montserrat', 'black', 'white', 1, '44', NULL),
       (17, 7, NULL, NULL, 15, NULL, 'Oswald', 'black', NULL, NULL, '50', NULL),
       (18, 7, NULL, NULL, 15, NULL, 'Montserrat', 'black', 'white', 1, '51', NULL),
       (19, 7, NULL, NULL, 15, NULL, 'Montserrat', 'black', 'white', 1, '52', NULL),
       (20, 7, NULL, NULL, 15, NULL, 'Montserrat', 'black', 'white', 1, '53', NULL),
       (21, 7, NULL, NULL, 15, NULL, 'Oswald', 'black', NULL, NULL, '60', NULL),
       (22, 7, NULL, NULL, 15, NULL, 'Montserrat', 'black', 'white', 1, '61', NULL),
       (23, 7, NULL, NULL, 15, NULL, 'Montserrat', 'black', 'white', 1, '62', NULL),
       (24, 7, NULL, NULL, 15, NULL, 'Montserrat', 'black', 'white', 1, '63', NULL),
       (25, 7, NULL, NULL, 15, NULL, 'Montserrat', 'black', 'white', 1, '64', NULL),
       (26, 7, NULL, NULL, 15, NULL, 'Montserrat', 'black', 'white', 1, '65', NULL),
       (27, 7, NULL, NULL, 15, NULL, 'Montserrat', 'black', 'white', 1, '66', NULL),
       (28, 7, NULL, NULL, 15, NULL, 'Montserrat', 'black', 'white', 1, '67', NULL),
       (29, 7, NULL, NULL, 15, NULL, 'Montserrat', 'black', 'white', 1, '68', NULL),
       (30, 7, NULL, NULL, 15, NULL, 'Montserrat', 'black', 'white', 1, '69', NULL),
       (31, 7, NULL, NULL, 15, NULL, 'Montserrat', 'black', 'white', 1, '610', NULL),
       (1, 8, NULL, NULL, 15, NULL, 'Oswald', 'black', NULL, NULL, '10', NULL),
       (2, 8, NULL, NULL, 15, NULL, 'Montserrat', 'black', 'white', 1, '11', NULL),
       (3, 8, NULL, NULL, 15, NULL, 'Montserrat', 'black', 'white', 1, '12', NULL),
       (4, 8, NULL, NULL, 15, NULL, 'Oswald', 'black', NULL, NULL, '20', NULL),
       (5, 8, NULL, NULL, 15, NULL, 'Montserrat', 'black', 'white', 1, '21', NULL),
       (6, 8, NULL, NULL, 15, NULL, 'Montserrat', 'black', 'white', 1, '22', NULL),
       (7, 8, NULL, NULL, 15, NULL, 'Montserrat', 'black', 'white', 1, '23', NULL),
       (8, 8, NULL, NULL, 15, NULL, 'Oswald', 'black', NULL, NULL, '30', NULL),
       (9, 8, NULL, NULL, 15, NULL, 'Montserrat', 'black', 'white', 1, '31', NULL),
       (10, 8, NULL, NULL, 15, NULL, 'Montserrat', 'black', 'white', 1, '32', NULL),
       (11, 8, NULL, NULL, 15, NULL, 'Montserrat', 'black', 'white', 1, '33', NULL),
       (12, 8, NULL, NULL, 15, NULL, 'Oswald', 'black', NULL, NULL, '40', NULL),
       (13, 8, NULL, NULL, 15, NULL, 'Montserrat', 'black', 'white', 1, '41', NULL),
       (14, 8, NULL, NULL, 15, NULL, 'Montserrat', 'black', 'white', 1, '42', NULL),
       (15, 8, NULL, NULL, 15, NULL, 'Montserrat', 'black', 'white', 1, '43', NULL),
       (16, 8, NULL, NULL, 15, NULL, 'Montserrat', 'black', 'white', 1, '44', NULL),
       (17, 8, NULL, NULL, 15, NULL, 'Oswald', 'black', NULL, NULL, '50', NULL),
       (18, 8, NULL, NULL, 15, NULL, 'Montserrat', 'black', 'white', 1, '51', NULL),
       (19, 8, NULL, NULL, 15, NULL, 'Montserrat', 'black', 'white', 1, '52', NULL),
       (20, 8, NULL, NULL, 15, NULL, 'Montserrat', 'black', 'white', 1, '53', NULL),
       (21, 8, NULL, NULL, 15, NULL, 'Oswald', 'black', NULL, NULL, '60', NULL),
       (22, 8, NULL, NULL, 15, NULL, 'Montserrat', 'black', 'white', 1, '61', NULL),
       (23, 8, NULL, NULL, 15, NULL, 'Montserrat', 'black', 'white', 1, '62', NULL),
       (24, 8, NULL, NULL, 15, NULL, 'Montserrat', 'black', 'white', 1, '63', NULL),
       (25, 8, NULL, NULL, 15, NULL, 'Montserrat', 'black', 'white', 1, '64', NULL),
       (26, 8, NULL, NULL, 15, NULL, 'Montserrat', 'black', 'white', 1, '65', NULL),
       (27, 8, NULL, NULL, 15, NULL, 'Montserrat', 'black', 'white', 1, '66', NULL),
       (28, 8, NULL, NULL, 15, NULL, 'Montserrat', 'black', 'white', 1, '67', NULL),
       (29, 8, NULL, NULL, 15, NULL, 'Montserrat', 'black', 'white', 1, '68', NULL),
       (30, 8, NULL, NULL, 15, NULL, 'Montserrat', 'black', 'white', 1, '69', NULL),
       (31, 8, NULL, NULL, 15, NULL, 'Montserrat', 'black', 'white', 1, '610', NULL),
       (1, 9, NULL, NULL, 15, NULL, 'Oswald', 'black', NULL, NULL, '10', NULL),
       (2, 9, NULL, NULL, 15, NULL, 'Montserrat', 'black', 'white', 1, '11', NULL),
       (3, 9, NULL, NULL, 15, NULL, 'Montserrat', 'black', 'white', 1, '12', NULL),
       (4, 9, NULL, NULL, 15, NULL, 'Oswald', 'black', NULL, NULL, '20', NULL),
       (5, 9, NULL, NULL, 15, NULL, 'Montserrat', 'black', 'white', 1, '21', NULL),
       (6, 9, NULL, NULL, 15, NULL, 'Montserrat', 'black', 'white', 1, '22', NULL),
       (7, 9, NULL, NULL, 15, NULL, 'Montserrat', 'black', 'white', 1, '23', NULL),
       (8, 9, NULL, NULL, 15, NULL, 'Oswald', 'black', NULL, NULL, '30', NULL),
       (9, 9, NULL, NULL, 15, NULL, 'Montserrat', 'black', 'white', 1, '31', NULL),
       (10, 9, NULL, NULL, 15, NULL, 'Montserrat', 'black', 'white', 1, '32', NULL),
       (11, 9, NULL, NULL, 15, NULL, 'Montserrat', 'black', 'white', 1, '33', NULL),
       (12, 9, NULL, NULL, 15, NULL, 'Oswald', 'black', NULL, NULL, '40', NULL),
       (13, 9, NULL, NULL, 15, NULL, 'Montserrat', 'black', 'white', 1, '41', NULL),
       (14, 9, NULL, NULL, 15, NULL, 'Montserrat', 'black', 'white', 1, '42', NULL),
       (15, 9, NULL, NULL, 15, NULL, 'Montserrat', 'black', 'white', 1, '43', NULL),
       (16, 9, NULL, NULL, 15, NULL, 'Montserrat', 'black', 'white', 1, '44', NULL),
       (17, 9, NULL, NULL, 15, NULL, 'Oswald', 'black', NULL, NULL, '50', NULL),
       (18, 9, NULL, NULL, 15, NULL, 'Montserrat', 'black', 'white', 1, '51', NULL),
       (19, 9, NULL, NULL, 15, NULL, 'Montserrat', 'black', 'white', 1, '52', NULL),
       (20, 9, NULL, NULL, 15, NULL, 'Montserrat', 'black', 'white', 1, '53', NULL),
       (21, 9, NULL, NULL, 15, NULL, 'Oswald', 'black', NULL, NULL, '60', NULL),
       (22, 9, NULL, NULL, 15, NULL, 'Montserrat', 'black', 'white', 1, '61', NULL),
       (23, 9, NULL, NULL, 15, NULL, 'Montserrat', 'black', 'white', 1, '62', NULL),
       (24, 9, NULL, NULL, 15, NULL, 'Montserrat', 'black', 'white', 1, '63', NULL),
       (25, 9, NULL, NULL, 15, NULL, 'Montserrat', 'black', 'white', 1, '64', NULL),
       (26, 9, NULL, NULL, 15, NULL, 'Montserrat', 'black', 'white', 1, '65', NULL),
       (27, 9, NULL, NULL, 15, NULL, 'Montserrat', 'black', 'white', 1, '66', NULL),
       (28, 9, NULL, NULL, 15, NULL, 'Montserrat', 'black', 'white', 1, '67', NULL),
       (29, 9, NULL, NULL, 15, NULL, 'Montserrat', 'black', 'white', 1, '68', NULL),
       (30, 9, NULL, NULL, 15, NULL, 'Montserrat', 'black', 'white', 1, '69', NULL),
       (31, 9, NULL, NULL, 15, NULL, 'Montserrat', 'black', 'white', 1, '610', NULL),
       (1, 10, NULL, NULL, 15, NULL, 'Oswald', 'black', NULL, NULL, '10', NULL),
       (2, 10, NULL, NULL, 15, NULL, 'Montserrat', 'black', 'white', 1, '11', NULL),
       (3, 10, NULL, NULL, 15, NULL, 'Montserrat', 'black', 'white', 1, '12', NULL),
       (4, 10, NULL, NULL, 15, NULL, 'Oswald', 'black', NULL, NULL, '20', NULL),
       (5, 10, NULL, NULL, 15, NULL, 'Montserrat', 'black', 'white', 1, '21', NULL),
       (6, 10, NULL, NULL, 15, NULL, 'Montserrat', 'black', 'white', 1, '22', NULL),
       (7, 10, NULL, NULL, 15, NULL, 'Montserrat', 'black', 'white', 1, '23', NULL),
       (8, 10, NULL, NULL, 15, NULL, 'Oswald', 'black', NULL, NULL, '30', NULL),
       (9, 10, NULL, NULL, 15, NULL, 'Montserrat', 'black', 'white', 1, '31', NULL),
       (10, 10, NULL, NULL, 15, NULL, 'Montserrat', 'black', 'white', 1, '32', NULL),
       (11, 10, NULL, NULL, 15, NULL, 'Montserrat', 'black', 'white', 1, '33', NULL),
       (12, 10, NULL, NULL, 15, NULL, 'Oswald', 'black', NULL, NULL, '40', NULL),
       (13, 10, NULL, NULL, 15, NULL, 'Montserrat', 'black', 'white', 1, '41', NULL),
       (14, 10, NULL, NULL, 15, NULL, 'Montserrat', 'black', 'white', 1, '42', NULL),
       (15, 10, NULL, NULL, 15, NULL, 'Montserrat', 'black', 'white', 1, '43', NULL),
       (16, 10, NULL, NULL, 15, NULL, 'Montserrat', 'black', 'white', 1, '44', NULL),
       (17, 10, NULL, NULL, 15, NULL, 'Oswald', 'black', NULL, NULL, '50', NULL),
       (18, 10, NULL, NULL, 15, NULL, 'Montserrat', 'black', 'white', 1, '51', NULL),
       (19, 10, NULL, NULL, 15, NULL, 'Montserrat', 'black', 'white', 1, '52', NULL),
       (20, 10, NULL, NULL, 15, NULL, 'Montserrat', 'black', 'white', 1, '53', NULL),
       (21, 10, NULL, NULL, 15, NULL, 'Oswald', 'black', NULL, NULL, '60', NULL),
       (22, 10, NULL, NULL, 15, NULL, 'Montserrat', 'black', 'white', 1, '61', NULL),
       (23, 10, NULL, NULL, 15, NULL, 'Montserrat', 'black', 'white', 1, '62', NULL),
       (24, 10, NULL, NULL, 15, NULL, 'Montserrat', 'black', 'white', 1, '63', NULL),
       (25, 10, NULL, NULL, 15, NULL, 'Montserrat', 'black', 'white', 1, '64', NULL),
       (26, 10, NULL, NULL, 15, NULL, 'Montserrat', 'black', 'white', 1, '65', NULL),
       (27, 10, NULL, NULL, 15, NULL, 'Montserrat', 'black', 'white', 1, '66', NULL),
       (28, 10, NULL, NULL, 15, NULL, 'Montserrat', 'black', 'white', 1, '67', NULL),
       (29, 10, NULL, NULL, 15, NULL, 'Montserrat', 'black', 'white', 1, '68', NULL),
       (30, 10, NULL, NULL, 15, NULL, 'Montserrat', 'black', 'white', 1, '69', NULL),
       (31, 10, NULL, NULL, 15, NULL, 'Montserrat', 'black', 'white', 1, '610', NULL),
       (1, 11, NULL, NULL, 15, NULL, 'Oswald', 'black', NULL, NULL, '10', NULL),
       (2, 11, NULL, NULL, 15, NULL, 'Montserrat', 'black', 'white', 1, '11', NULL),
       (3, 11, NULL, NULL, 15, NULL, 'Montserrat', 'black', 'white', 1, '12', NULL),
       (4, 11, NULL, NULL, 15, NULL, 'Oswald', 'black', NULL, NULL, '20', NULL),
       (5, 11, NULL, NULL, 15, NULL, 'Montserrat', 'black', 'white', 1, '21', NULL),
       (6, 11, NULL, NULL, 15, NULL, 'Montserrat', 'black', 'white', 1, '22', NULL),
       (7, 11, NULL, NULL, 15, NULL, 'Montserrat', 'black', 'white', 1, '23', NULL),
       (8, 11, NULL, NULL, 15, NULL, 'Oswald', 'black', NULL, NULL, '30', NULL),
       (9, 11, NULL, NULL, 15, NULL, 'Montserrat', 'black', 'white', 1, '31', NULL),
       (10, 11, NULL, NULL, 15, NULL, 'Montserrat', 'black', 'white', 1, '32', NULL),
       (11, 11, NULL, NULL, 15, NULL, 'Montserrat', 'black', 'white', 1, '33', NULL),
       (12, 11, NULL, NULL, 15, NULL, 'Oswald', 'black', NULL, NULL, '40', NULL),
       (13, 11, NULL, NULL, 15, NULL, 'Montserrat', 'black', 'white', 1, '41', NULL),
       (14, 11, NULL, NULL, 15, NULL, 'Montserrat', 'black', 'white', 1, '42', NULL),
       (15, 11, NULL, NULL, 15, NULL, 'Montserrat', 'black', 'white', 1, '43', NULL),
       (16, 11, NULL, NULL, 15, NULL, 'Montserrat', 'black', 'white', 1, '44', NULL),
       (17, 11, NULL, NULL, 15, NULL, 'Oswald', 'black', NULL, NULL, '50', NULL),
       (18, 11, NULL, NULL, 15, NULL, 'Montserrat', 'black', 'white', 1, '51', NULL),
       (19, 11, NULL, NULL, 15, NULL, 'Montserrat', 'black', 'white', 1, '52', NULL),
       (20, 11, NULL, NULL, 15, NULL, 'Montserrat', 'black', 'white', 1, '53', NULL),
       (21, 11, NULL, NULL, 15, NULL, 'Oswald', 'black', NULL, NULL, '60', NULL),
       (22, 11, NULL, NULL, 15, NULL, 'Montserrat', 'black', 'white', 1, '61', NULL),
       (23, 11, NULL, NULL, 15, NULL, 'Montserrat', 'black', 'white', 1, '62', NULL),
       (24, 11, NULL, NULL, 15, NULL, 'Montserrat', 'black', 'white', 1, '63', NULL),
       (25, 11, NULL, NULL, 15, NULL, 'Montserrat', 'black', 'white', 1, '64', NULL),
       (26, 11, NULL, NULL, 15, NULL, 'Montserrat', 'black', 'white', 1, '65', NULL),
       (27, 11, NULL, NULL, 15, NULL, 'Montserrat', 'black', 'white', 1, '66', NULL),
       (28, 11, NULL, NULL, 15, NULL, 'Montserrat', 'black', 'white', 1, '67', NULL),
       (29, 11, NULL, NULL, 15, NULL, 'Montserrat', 'black', 'white', 1, '68', NULL),
       (30, 11, NULL, NULL, 15, NULL, 'Montserrat', 'black', 'white', 1, '69', NULL),
       (31, 11, NULL, NULL, 15, NULL, 'Montserrat', 'black', 'white', 1, '610', NULL),
       (1, 12, NULL, NULL, 15, NULL, 'Oswald', 'black', NULL, NULL, '10', NULL),
       (2, 12, NULL, NULL, 15, NULL, 'Montserrat', 'black', 'white', 1, '11', NULL),
       (3, 12, NULL, NULL, 15, NULL, 'Montserrat', 'black', 'white', 1, '12', NULL),
       (4, 12, NULL, NULL, 15, NULL, 'Oswald', 'black', NULL, NULL, '20', NULL),
       (5, 12, NULL, NULL, 15, NULL, 'Montserrat', 'black', 'white', 1, '21', NULL),
       (6, 12, NULL, NULL, 15, NULL, 'Montserrat', 'black', 'white', 1, '22', NULL),
       (7, 12, NULL, NULL, 15, NULL, 'Montserrat', 'black', 'white', 1, '23', NULL),
       (8, 12, NULL, NULL, 15, NULL, 'Oswald', 'black', NULL, NULL, '30', NULL),
       (9, 12, NULL, NULL, 15, NULL, 'Montserrat', 'black', 'white', 1, '31', NULL),
       (10, 12, NULL, NULL, 15, NULL, 'Montserrat', 'black', 'white', 1, '32', NULL),
       (11, 12, NULL, NULL, 15, NULL, 'Montserrat', 'black', 'white', 1, '33', NULL),
       (12, 12, NULL, NULL, 15, NULL, 'Oswald', 'black', NULL, NULL, '40', NULL),
       (13, 12, NULL, NULL, 15, NULL, 'Montserrat', 'black', 'white', 1, '41', NULL),
       (14, 12, NULL, NULL, 15, NULL, 'Montserrat', 'black', 'white', 1, '42', NULL),
       (15, 12, NULL, NULL, 15, NULL, 'Montserrat', 'black', 'white', 1, '43', NULL),
       (16, 12, NULL, NULL, 15, NULL, 'Montserrat', 'black', 'white', 1, '44', NULL),
       (17, 12, NULL, NULL, 15, NULL, 'Oswald', 'black', NULL, NULL, '50', NULL),
       (18, 12, NULL, NULL, 15, NULL, 'Montserrat', 'black', 'white', 1, '51', NULL),
       (19, 12, NULL, NULL, 15, NULL, 'Montserrat', 'black', 'white', 1, '52', NULL),
       (20, 12, NULL, NULL, 15, NULL, 'Montserrat', 'black', 'white', 1, '53', NULL),
       (21, 12, NULL, NULL, 15, NULL, 'Oswald', 'black', NULL, NULL, '60', NULL),
       (22, 12, NULL, NULL, 15, NULL, 'Montserrat', 'black', 'white', 1, '61', NULL),
       (23, 12, NULL, NULL, 15, NULL, 'Montserrat', 'black', 'white', 1, '62', NULL),
       (24, 12, NULL, NULL, 15, NULL, 'Montserrat', 'black', 'white', 1, '63', NULL),
       (25, 12, NULL, NULL, 15, NULL, 'Montserrat', 'black', 'white', 1, '64', NULL),
       (26, 12, NULL, NULL, 15, NULL, 'Montserrat', 'black', 'white', 1, '65', NULL),
       (27, 12, NULL, NULL, 15, NULL, 'Montserrat', 'black', 'white', 1, '66', NULL),
       (28, 12, NULL, NULL, 15, NULL, 'Montserrat', 'black', 'white', 1, '67', NULL),
       (29, 12, NULL, NULL, 15, NULL, 'Montserrat', 'black', 'white', 1, '68', NULL),
       (30, 12, NULL, NULL, 15, NULL, 'Montserrat', 'black', 'white', 1, '69', NULL),
       (31, 12, NULL, NULL, 15, NULL, 'Montserrat', 'black', 'white', 1, '610', NULL),
       (1, 13, NULL, NULL, 15, NULL, 'Oswald', 'black', NULL, NULL, '10', NULL),
       (2, 13, NULL, NULL, 15, NULL, 'Montserrat', 'black', 'white', 1, '11', NULL),
       (3, 13, NULL, NULL, 15, NULL, 'Montserrat', 'black', 'white', 1, '12', NULL),
       (4, 13, NULL, NULL, 15, NULL, 'Oswald', 'black', NULL, NULL, '20', NULL),
       (5, 13, NULL, NULL, 15, NULL, 'Montserrat', 'black', 'white', 1, '21', NULL),
       (6, 13, NULL, NULL, 15, NULL, 'Montserrat', 'black', 'white', 1, '22', NULL),
       (7, 13, NULL, NULL, 15, NULL, 'Montserrat', 'black', 'white', 1, '23', NULL),
       (8, 13, NULL, NULL, 15, NULL, 'Oswald', 'black', NULL, NULL, '30', NULL),
       (9, 13, NULL, NULL, 15, NULL, 'Montserrat', 'black', 'white', 1, '31', NULL),
       (10, 13, NULL, NULL, 15, NULL, 'Montserrat', 'black', 'white', 1, '32', NULL),
       (11, 13, NULL, NULL, 15, NULL, 'Montserrat', 'black', 'white', 1, '33', NULL),
       (12, 13, NULL, NULL, 15, NULL, 'Oswald', 'black', NULL, NULL, '40', NULL),
       (13, 13, NULL, NULL, 15, NULL, 'Montserrat', 'black', 'white', 1, '41', NULL),
       (14, 13, NULL, NULL, 15, NULL, 'Montserrat', 'black', 'white', 1, '42', NULL),
       (15, 13, NULL, NULL, 15, NULL, 'Montserrat', 'black', 'white', 1, '43', NULL),
       (16, 13, NULL, NULL, 15, NULL, 'Montserrat', 'black', 'white', 1, '44', NULL),
       (17, 13, NULL, NULL, 15, NULL, 'Oswald', 'black', NULL, NULL, '50', NULL),
       (18, 13, NULL, NULL, 15, NULL, 'Montserrat', 'black', 'white', 1, '51', NULL),
       (19, 13, NULL, NULL, 15, NULL, 'Montserrat', 'black', 'white', 1, '52', NULL),
       (20, 13, NULL, NULL, 15, NULL, 'Montserrat', 'black', 'white', 1, '53', NULL),
       (21, 13, NULL, NULL, 15, NULL, 'Oswald', 'black', NULL, NULL, '60', NULL),
       (22, 13, NULL, NULL, 15, NULL, 'Montserrat', 'black', 'white', 1, '61', NULL),
       (23, 13, NULL, NULL, 15, NULL, 'Montserrat', 'black', 'white', 1, '62', NULL),
       (24, 13, NULL, NULL, 15, NULL, 'Montserrat', 'black', 'white', 1, '63', NULL),
       (25, 13, NULL, NULL, 15, NULL, 'Montserrat', 'black', 'white', 1, '64', NULL),
       (26, 13, NULL, NULL, 15, NULL, 'Montserrat', 'black', 'white', 1, '65', NULL),
       (27, 13, NULL, NULL, 15, NULL, 'Montserrat', 'black', 'white', 1, '66', NULL),
       (28, 13, NULL, NULL, 15, NULL, 'Montserrat', 'black', 'white', 1, '67', NULL),
       (29, 13, NULL, NULL, 15, NULL, 'Montserrat', 'black', 'white', 1, '68', NULL),
       (30, 13, NULL, NULL, 15, NULL, 'Montserrat', 'black', 'white', 1, '69', NULL),
       (31, 13, NULL, NULL, 15, NULL, 'Montserrat', 'black', 'white', 1, '610', NULL);


INSERT IGNORE INTO LaisserTrace (id_personnel, horodatage, intitule, eval_texte, commentaire_texte, eval_audio,
                                 commentaire_audio, apprenti, id_fiche)
VALUES (2, '2023-03-17 12:30:00', 'Commentraire intervenant', 'Eval ipsum, ca s\'est bien passé',
        'Commentaire ipsum, ca s\'est bien passé', NULL, NULL, 0, 2),
       (2, '2023-05-20 07:12:01', 'Commentraire intervenant', 'Eval ipsum, ca s\'est plutot bien passé',
        'Commentaire ipsum, ca s\'est plutot bien passé', NULL, NULL, 0, 3),
       (2, '2023-08-21 14:34:01', 'Commentraire intervenant', 'Eval ipsum, ca s\'est assez bien passé',
        'Commentaire ipsum, ca s\'est assez bien passé', NULL, NULL, 0, 4),
       (2, '2023-12-17 01:01:01', 'Commentraire intervenant', 'Eval ipsum, ca s\'est quand meme bien passé',
        'Commentaire ipsum, ca s\'est quand meme bien passé', NULL, NULL, 0, 5),
       (2, '2023-03-17 12:30:00', 'Commentraire apprentis', 'Eval ipsum, ca s\'est bien passé',
        'Commentaire ipsum, ca s\'est bien passé', NULL, NULL, 1, 2),
       (2, '2023-05-20 07:13:01', 'Commentraire apprentis', 'Eval ipsum, ca s\'est plutot bien passé',
        'Commentaire ipsum, ca s\'est plutot bien passé', NULL, NULL, 1, 3),
       (2, '2023-08-21 14:35:01', 'Commentraire apprentis', 'Eval ipsum, ca s\'est assez bien passé',
        'Commentaire ipsum, ca s\'est assez bien passé', NULL, NULL, 1, 4),
       (2, '2023-12-17 01:02:01', 'Commentraire apprentis', 'Eval ipsum, ca s\'est quand meme bien passé',
        'Commentaire ipsum, ca s\'est quand meme bien passé', NULL, NULL, 1, 5),
       (3, '2023-03-17 12:30:00', 'Commentraire intervenant', 'Eval ipsum, ca s\'est bien passé',
        'Commentaire ipsum, ca s\'est bien passé', NULL, NULL, 0, 7),
       (3, '2023-05-20 07:12:01', 'Commentraire intervenant', 'Eval ipsum, ca s\'est plutot bien passé',
        'Commentaire ipsum, ca s\'est plutot bien passé', NULL, NULL, 0, 8),
       (4, '2023-08-21 14:34:01', 'Commentraire intervenant', 'Eval ipsum, ca s\'est assez bien passé',
        'Commentaire ipsum, ca s\'est assez bien passé', NULL, NULL, 0, 9),
       (4, '2023-12-17 01:01:01', 'Commentraire intervenant', 'Eval ipsum, ca s\'est quand meme bien passé',
        'Commentaire ipsum, ca s\'est quand meme bien passé', NULL, NULL, 0, 6),
       (3, '2023-03-17 12:31:00', 'Commentraire apprentis', 'Eval ipsum, ca s\'est bien passé',
        'Commentaire ipsum, ca s\'est bien passé', NULL, NULL, 1, 7),
       (3, '2023-05-20 07:13:01', 'Commentraire apprentis', 'Eval ipsum, ca s\'est plutot bien passé',
        'Commentaire ipsum, ca s\'est plutot bien passé', NULL, NULL, 1, 8),
       (4, '2023-08-21 14:35:01', 'Commentraire apprentis', 'Eval ipsum, ca s\'est assez bien passé',
        'Commentaire ipsum, ca s\'est assez bien passé', NULL, NULL, 1, 9),
       (4, '2023-12-17 01:02:01', 'Commentraire apprentis', 'Eval ipsum, ca s\'est quand meme bien passé',
        'Commentaire ipsum, ca s\'est quand meme bien passé', NULL, NULL, 1, 6),
       (4, '2023-03-17 12:31:00', 'Commentraire intervenant', 'Eval ipsum, ca s\'est bien passé',
        'Commentaire ipsum, ca s\'est bien passé', NULL, NULL, 0, 12),
       (4, '2023-05-20 07:12:01', 'Commentraire intervenant', 'Eval ipsum, ca s\'est plutot bien passé',
        'Commentaire ipsum, ca s\'est plutot bien passé', NULL, NULL, 0, 10),
       (3, '2023-08-21 14:34:01', 'Commentraire intervenant', 'Eval ipsum, ca s\'est assez bien passé',
        'Commentaire ipsum, ca s\'est assez bien passé', NULL, NULL, 0, 11),
       (3, '2023-12-17 01:01:01', 'Commentraire intervenant', 'Eval ipsum, ca s\'est quand meme bien passé',
        'Commentaire ipsum, ca s\'est quand meme bien passé', NULL, NULL, 0, 13),
       (4, '2023-03-17 12:31:00', 'Commentraire apprentis', 'Eval ipsum, ca s\'est bien passé',
        'Commentaire ipsum, ca s\'est bien passé', NULL, NULL, 1, 12),
       (4, '2023-05-20 07:13:01', 'Commentraire apprentis', 'Eval ipsum, ca s\'est plutot bien passé',
        'Commentaire ipsum, ca s\'est plutot bien passé', NULL, NULL, 1, 10),
       (3, '2023-08-21 14:35:01', 'Commentraire apprentis', 'Eval ipsum, ca s\'est assez bien passé',
        'Commentaire ipsum, ca s\'est assez bien passé', NULL, NULL, 1, 11),
       (3, '2023-12-17 01:02:03', 'Commentraire apprentis', 'Eval ipsum, ca s\'est quand meme bien passé',
        'Commentaire ipsum, ca s\'est quand meme bien passé', NULL, NULL, 1, 13);
