CREATE OR REPLACE USER 'local_user'@'localhost' IDENTIFIED BY 'password';
DROP DATABASE IF EXISTS db_fiches_dev;
create database db_fiches_dev;
grant all privileges on db_fiches_dev.* TO 'local_user'@'localhost' identified by 'password';
flush privileges;
USE db_fiches_dev;


CREATE TABLE Personnel
(
    id_personnel INT AUTO_INCREMENT,
    nom          VARCHAR(50) NOT NULL,
    prenom       VARCHAR(50) NOT NULL,
    login        VARCHAR(50) NOT NULL,
    mdp          TEXT        NOT NULL,
    role         VARCHAR(50) NOT NULL,
    email        VARCHAR(100),
    essaies      INT         NOT NULL DEFAULT (0),
    PRIMARY KEY (id_personnel),
    CONSTRAINT ch_personnel_role CHECK (role IN
                                        ('SuperAdministrateur', 'Educateur Administrateur', 'Educateur', 'CIP')),
    CONSTRAINT ch_personnel_essaies CHECK (Personnel.essaies >= 0 AND Personnel.essaies <= 3)
);

CREATE TABLE Apprenti
(
    id_apprenti INT AUTO_INCREMENT,
    nom         VARCHAR(50) NOT NULL,
    prenom      VARCHAR(50) NOT NULL,
    login       VARCHAR(50) NOT NULL,
    mdp         TEXT,
    photo       VARCHAR(100),
    essaies     INT         NOT NULL DEFAULT (0),
    PRIMARY KEY (id_apprenti),
    CONSTRAINT ch_apprenti_essaies CHECK (Apprenti.essaies >= 0 AND Apprenti.essaies <= 5)
);

CREATE TABLE Formation
(
    id_formation  INT AUTO_INCREMENT,
    intitule      VARCHAR(50) NOT NULL,
    niveau_qualif SMALLINT    NOT NULL,
    groupe        VARCHAR(50),
    image         VARCHAR(100),
    PRIMARY KEY (id_formation)
);

CREATE TABLE Session
(
    id_session   INT AUTO_INCREMENT,
    theme        VARCHAR(50) NOT NULL,
    cours        VARCHAR(50) NOT NULL,
    duree        INT,
    id_formation INT         NOT NULL,
    PRIMARY KEY (id_session),
    FOREIGN KEY (id_formation) REFERENCES Formation (id_formation)
);

CREATE TABLE EducAdmin
(
    id_personnel INT,
    PRIMARY KEY (id_personnel),
    FOREIGN KEY (id_personnel) REFERENCES Personnel (id_personnel)
);

CREATE TABLE Pictogramme
(
    id_pictogramme INT AUTO_INCREMENT,
    label          VARCHAR(50),
    url            VARCHAR(100),
    categorie      VARCHAR(50),
    souscategorie  VARCHAR(50),
    PRIMARY KEY (id_pictogramme)
);

CREATE TABLE ElementBase
(
    id_element   INT AUTO_INCREMENT,
    libelle      VARCHAR(50) NOT NULL,
    type         VARCHAR(50) NOT NULL,
    text         VARCHAR(50),
    audio        VARCHAR(100),
    id_personnel INT,
    PRIMARY KEY (id_element),
    FOREIGN KEY (id_personnel) REFERENCES EducAdmin (id_personnel)
);

CREATE TABLE FicheIntervention
(
    id_fiche             INT AUTO_INCREMENT,
    numero               SMALLINT,
    nom_du_demandeur     VARCHAR(50),
    date_demande         DATE,
    localisation         VARCHAR(50),
    description_demande  TEXT,
    degre_urgence        TINYINT,
    couleur_intervention VARCHAR(50),
    etat_fiche           TINYINT,
    date_creation        DATETIME,
    photo_avant          VARCHAR(150),
    photo_apres          VARCHAR(150),
    id_personnel         INT NOT NULL,
    id_apprenti          INT NOT NULL,
    PRIMARY KEY (id_fiche),
    FOREIGN KEY (id_personnel) REFERENCES EducAdmin (id_personnel),
    FOREIGN KEY (id_apprenti) REFERENCES Apprenti (id_apprenti),
    CONSTRAINT ch_fiche_etat CHECK (FicheIntervention.etat_fiche >= 0 AND FicheIntervention.etat_fiche <= 2),
    CONSTRAINT ch_fiche_degre CHECK (FicheIntervention.degre_urgence >= 1 AND FicheIntervention.degre_urgence <= 4)
);

CREATE TABLE LaisserTrace
(
    id_personnel      INT,
    horodatage        DATETIME,
    intitule          VARCHAR(50) NOT NULL,
    eval_texte        TEXT        NOT NULL,
    commentaire_texte TEXT        NOT NULL,
    eval_audio        VARCHAR(255),
    commentaire_audio VARCHAR(50),
    apprenti          BOOLEAN,
    id_fiche          INT         NOT NULL,
    PRIMARY KEY (id_personnel, horodatage),
    FOREIGN KEY (id_personnel) REFERENCES Personnel (id_personnel),
    FOREIGN KEY (id_fiche) REFERENCES FicheIntervention (id_fiche),
    CONSTRAINT uc_commentaire_fiche UNIQUE (id_fiche, apprenti)

);



CREATE TABLE Assister
(
    id_apprenti INT,
    id_session  INT,
    PRIMARY KEY (id_apprenti, id_session),
    FOREIGN KEY (id_apprenti) REFERENCES Apprenti (id_apprenti),
    FOREIGN KEY (id_session) REFERENCES Session (id_session)
);

CREATE TABLE ComposerPresentation
(
    id_element         INT,
    id_fiche           INT,
    text               VARCHAR(50),
    taille_texte       VARCHAR(50),
    audio              VARCHAR(50),
    police             VARCHAR(50),
    couleur            VARCHAR(50),
    couleur_fond       VARCHAR(50),
    niveau             TINYINT,
    position_elem      VARCHAR(50),
    ordre_saisie_focus VARCHAR(50),
    id_pictogramme     INT,
    taille_pictogramme INT,
    PRIMARY KEY (id_element, id_fiche),
    FOREIGN KEY (id_element) REFERENCES ElementBase (id_element),
    FOREIGN KEY (id_fiche) REFERENCES FicheIntervention (id_fiche),
    FOREIGN KEY (id_pictogramme) REFERENCES Pictogramme (id_pictogramme)
);



INSERT INTO Apprenti (nom, prenom, mdp, login, photo, essaies)
VALUES ('dummy', 'dummy', 'dummy', 'dummy', 'dummy', 0),
       ('Jacquard', 'Davy',
        '$2b$13$CmhJy5FUDujfBGZqigN3uuGmDd5pLZBHY1cUxFyXO7zMf7zOEQU9y',
        'DAJ12', 'photo_profile/chanteur.png', 0),
       ('Guilbert', 'Ange',
        '$2b$13$gT3r/VI/Aj4uKaKFp6XngeQxG4Jn0G.16r2fog3C376YxemNnTn8S',
        'ANG12', 'photo_profile/chirurgien.png', 0),
       ('Poussin', 'Christian',
        '$2b$13$MS.1zlUo1Bg6ZD36Vim3ZeDtpN6jRM.OJL1ORWwS8pCKCIT6klwnW',
        'CHP14', 'photo_profile/hippie.png', 5),
       ('Trouvé', 'Éloi',
        '$2b$15$0dBjtHQfz.7ywl0MQQuRsuuUmuViyL0yhm62fTZS9IssfC42.hwIG',
        'ELT10', 'photo_profile/marin.png', 5),
       ('Cordonnier', 'Danny',
        '$2b$13$dRUZ3bHGwXJElbe8mKmH0OhYAMazlsFE4W/gYs5r/q6afcmJtzjBS',
        'DAC15', 'photo_profile/medecin.png', 0),
       ('Massé', 'Xavier',
        '$2b$15$M/ZfpM/S/jnwSQ0ZVCXq2e8WigNP.R02uR53O8pc2OsqrrN6mk4u.',
        'XAM11', 'photo_profile/pilote.png', 0),
       ('Meissa', 'Abdelkhader',
        '$2b$13$cjnp9R9dx0eTzLzQvBUIyepwAp7x/PSWSx8hpqjWgTafDfigcL5SO',
        'ABM17', 'photo_profile/plongueur.png', 0);

INSERT INTO Personnel (nom, prenom, login, mdp, role, email, essaies)
VALUES ('Dupont', 'Jean', 'JED10',
        '$2b$13$ZV3TQXG81BSnNEDFdSmSp.HnkMVeDlHSRXpT3wc73.OEoQ2v.4ONS',
        'SuperAdministrateur', 'mail@mail.com', 0),
       ('Lamar', 'Allain', 'ALL11',
        '$2b$13$iZbA5.LcL1xk3mJPrHAkleUUA3mpJL4qVVx6QAtY/27rQcgfykqIK',
        'Educateur Administrateur', 'mail@mail.com', 0),
       ('DitCharo', 'Mathieu', 'MAD14',
        '$2b$13$qx/vpW2UGd7WX5TfQccG7OlmLJY3yoovQCCtsXdgBt6AUKfgiViLm',
        'Educateur Administrateur', 'mail@mail.com', 0),
       ('Oskour', 'Jeanne', 'JEO12',
        '$2b$13$CBmITY.klnnQXantXrxUMe/POiakdHrtVs9nGyTKyNbDIeaORZZgi',
        'Educateur', 'mail@mail.com', 3),
       ('Curry', 'Marie', 'MAC10',
        '$2b$13$iQ02IBiYezdhtsJBvcBOG.c387n8Ai0zMEOTn3pkwTKyByPt.I1/e',
        'Educateur', 'mail@mail.com', 0),
       ('Barre', 'Lenny', 'LEB08',
        '$2b$13$BwSIt5pl0ajG7jJyulS4vOrISmLkiJ3t9knOhTXvLBFDIPdtLvB0q',
        'Educateur', 'mail@mail.com', 0),
       ('Zirot', 'Benoit', 'BEZ11',
        '$2b$13$o6QOfjSOT5W4mjUPEkia1OeMPKY0o0iIV3HSuwuBsa743GHXJhITq',
        'Educateur', 'mail@mail.com', 0),
       ('Rouselle', 'Fabienne', 'FAR16',
        '$2b$13$.tZSIt3z9JvQaA9Gt/iWgu1rdPO6znUgKbxmuQvXJmRoQGL4NbZjG',
        'CIP', 'mail@mail.com', 0);

INSERT INTO EducAdmin (id_personnel)
VALUES (2),
       (3);

INSERT INTO Formation (intitule, niveau_qualif, groupe, image)
VALUES ('Parcours plomberie', 3, 1, 'formation_image/plomberie.jpg'),
       ('Parcours maintenance bâtiment', 3, 2, 'formation_image/maintenance_batiment.jpg');

INSERT INTO Session (theme, cours, duree, id_formation)
VALUES ('Probleme tuyauterie', 'Colmater fuite', 3, 1),
       ('Probleme tuyauterie', 'Remplacer tuyau rouillé', 4, 1),
       ('Probleme tuyauterie', 'Remplacer Joint', 2, 1),
       ('Changement Local', 'Demontage cuvette', 5, 1),
       ('Serrurier', 'Forcer serrure', 6, 2),
       ('Serrurier', 'Demonter serrure', 3, 2),
       ('Electrique', 'Remplacer tube néon', 3, 2);

INSERT INTO Assister (id_apprenti, id_session)
VALUES (2, 1),
       (2, 2),
       (2, 3),
       (2, 4),
       (3, 1),
       (3, 2),
       (3, 3),
       (3, 4),
       (4, 1),
       (4, 2),
       (4, 3),
       (4, 4),
       (5, 1),
       (5, 2),
       (5, 3),
       (5, 4),
       (6, 5),
       (6, 6),
       (6, 7),
       (7, 5),
       (7, 6),
       (7, 7),
       (8, 5),
       (8, 6),
       (8, 7);

INSERT INTO ElementBase (libelle, type, text, audio, id_personnel)
VALUES ('Intervenant', 'categorie', NULL, NULL, 2),
       ('Nom de l\'intervenant', 'text', NULL, NULL, 2),
       ('Prénom de l\'intervenant', 'text', NULL, NULL, 3),
       ('Intervention', 'categorie', NULL, NULL, 3),
       ('Durée de l\'intervention', 'date', NULL, NULL, 3),
       ('Durée de l\'opération', 'select-time', NULL, NULL, 2),
       ('Confirmation des informations', 'checkbox', NULL, NULL, 2),
       ('Type de Maintenance', 'categorie', NULL, NULL, 3),
       ('améliorative', 'radio', NULL, NULL, 3),
       ('préventive', 'radio', NULL, NULL, 2),
       ('corrective', 'radio', NULL, NULL, 2),
       ('Nature de l\'intervention', 'categorie', NULL, NULL, 3),
       ('Aménagement', 'radio', NULL, NULL, 3),
       ('Finitions', 'radio', NULL, NULL, 3),
       ('Installation sanitaire', 'radio', NULL, NULL, 3),
       ('Installation électrique', 'radio', NULL, NULL, 3),
       ('Description du travail', 'categorie', NULL, NULL, 2),
       ('Travaux réalisés', 'textarea', NULL, NULL, 2),
       ('Travaux non réalisé', 'textarea', NULL, NULL, 2),
       ('Nécessite une nouvelle intervention', 'checkbox', NULL, NULL, 2),
       ('Matériaux utilisés', 'categorie', NULL, NULL, 2),
       ('Materiel 1', 'select-materiel', NULL, NULL, 2),
       ('Materiel 2', 'select-materiel', NULL, NULL, 2),
       ('Materiel 3', 'select-materiel', NULL, NULL, 2),
       ('Materiel 4', 'select-materiel', NULL, NULL, 3),
       ('Materiel 5', 'select-materiel', NULL, NULL, 3),
       ('Materiel 6', 'select-materiel', NULL, NULL, 3),
       ('Materiel 7', 'select-materiel', NULL, NULL, 3),
       ('Materiel 8', 'select-materiel', NULL, NULL, 3),
       ('Materiel 9', 'select-materiel', NULL, NULL, 3),
       ('Materiel 10', 'select-materiel', NULL, NULL, 3);

INSERT INTO FicheIntervention (id_fiche, numero, nom_du_demandeur, date_demande, localisation, description_demande,
                               degre_urgence, couleur_intervention, etat_fiche, date_creation, id_personnel,
                               id_apprenti)
VALUES (1, 0, 'dummy', '1990-01-01', 'dummy', 'dummy', 4, 'vert', 0, '1999-01-01 01:01:01', 2, 1),
       (2, 1, 'Mermaid Corp', '2023-11-03', 'Espace Lingerie', 'Lorem Ipsum 1', 3, 'jaune', 0, '2023-11-03 12:30:00', 2,
        2),
       (3, 1, 'CROUS', '2023-11-05', 'Batiment A', 'Lorem Ipsum 2', 2, 'orange', 0, '2023-10-05 07:12:01', 2, 3),
       (4, 1, 'La Region', '2023-05-08', 'Ecole ST Maurice', 'Lorem Ipsum 3', 1, 'rouge', 0, '2023-05-08 14:34:01', 3,
        4),
       (5, 1, 'Epicier', '2023-05-26', 'Arriere boutique', 'Lorem Ipsum 4', 3, 'jaune', 2, '2023-05-24 01:01:01', 3, 5),
       (6, 2, 'Mermaid Corp', '2023-11-03', 'Espace Lingerie', 'Lorem Ipsum 1', 3, 'jaune', 1, '2023-11-03 12:30:00', 2,
        5),
       (7, 2, 'CROUS', '2023-11-05', 'Batiment A', 'Lorem Ipsum 2', 2, 'orange', 1, '2023-10-05 07:12:01', 2, 2),
       (8, 2, 'La Region', '2023-05-08', 'Ecole ST Maurice', 'Lorem Ipsum 3', 1, 'rouge', 1, '2023-05-08 14:34:01', 3,
        3),
       (9, 2, 'Epicier', '2023-05-26', 'Arriere boutique', 'Lorem Ipsum 4', 3, 'jaune', 1, '2023-05-24 01:01:01', 3, 4),
       (10, 3, 'Mermaid Corp', '2023-11-03', 'Espace Lingerie', 'Lorem Ipsum 1', 3, 'jaune', 1, '2023-11-03 12:30:00',
        2, 4),
       (11, 3, 'CROUS', '2023-11-05', 'Batiment A', 'Lorem Ipsum 2', 2, 'orange', 1, '2023-10-05 07:12:01', 2, 5),
       (12, 3, 'La Region', '2023-05-08', 'Ecole ST Maurice', 'Lorem Ipsum 3', 1, 'rouge', 1, '2023-05-08 14:34:01', 3,
        2),
       (13, 3, 'Epicier', '2023-05-26', 'Arriere boutique', 'Lorem Ipsum 4', 3, 'jaune', 1, '2023-05-24 01:01:01', 3,
        3);

INSERT INTO Pictogramme (label, url, categorie, souscategorie)
VALUES ('Ajouter noir cercle fin vide', 'ajouter.png', 'Matériaux utilisés', 'ajouter'),
       ('Ameliorative noir autre gras vide', 'amelioratif.png', 'Type de Maintenance', 'ameliorative'),
       ('Calendrier gris carre gras vide', 'calendrier.png', 'Intervention', 'calendrier'),
       ('Corrective noir rond gras vide', 'corrective.png', 'Type de Maintenance', 'corrective'),
       ('Demande noir autre gras vide', 'demande.png', 'Autre', NULL),
       ('Eclair jaune autre gras vide', 'eclair.png', 'Autre', NULL),
       ('Sablier noir autre gras vide', 'en-cours.png', 'Description du travail', 'non réalisés'),
       ('Annuler rouge rond gras vide', 'annuler.png', 'Description du travail', 'pas de nouvelle intervention'),
       ('Fini noir carre gras vide', 'fini.png', 'Intervention', 'fini'),
       ('Finis noir carre gras vide', 'finis.png', 'Description du travail', 'réalisés'),
       ('Horloge noir cercle gras vide', 'horloge.png', 'Intervention', 'horloge'),
       ('Ammenagement cercle noir fin vide', 'ammenagement.png', 'Nature Intervention', 'ammenagement'),
       ('Finitions blanc hexagone fin plein', 'finitions.png', 'Nature Intervention', 'finitions'),
       ('Sanitaires bleu rond fin plein', 'sanitaires.png', 'Nature Intervention', 'sanitaires'),
       ('Lieu noir autre gras plein', 'lieu.png', 'Autre', NULL),
       ('Modifier noir autre gras plein', 'modifier.png', 'Autre', NULL),
       ('Preventive rouge hexagone gras vide', 'preventive.png', 'Type de Maintenance', 'preventive'),
       ('Prise gris autre gras vide', 'prise.png', 'Nature Intervention', 'electrique'),
       ('Valider vert cercle gras vide', 'valider.png', 'Description du travail', 'nouvelle intervention'),
       ('Materiel noir autre gras vide', 'materiel.png', 'Matériaux utilisés', 'choix materiel');


INSERT INTO ComposerPresentation (id_element, id_fiche, taille_texte, audio, police, couleur, couleur_fond,
                                  niveau, position_elem, ordre_saisie_focus, id_pictogramme, taille_pictogramme)
VALUES (1,  1, 25, NULL, 'Oswald', '#000000', '#FFFFFF', NULL, '10', NULL, NULL, 10),
       (2,  1, 25, NULL, 'Montserrat', '#000000', '#FFFFFF', 1, '11', NULL, NULL, 10),
       (3,  1, 25, NULL, 'Montserrat', '#000000', '#FFFFFF', 1, '12', NULL, NULL, 10),
       (4, 1, 25, NULL, 'Oswald', '#000000', '#FFFFFF', NULL, '20', NULL, NULL, 10),
       (5, 1, 25, NULL, 'Montserrat', '#000000', '#FFFFFF', 1, '21', NULL, 3, 10),
       (6, 1, 25, NULL, 'Montserrat', '#000000', '#FFFFFF', 1, '22', NULL, 11, 10),
       (7, 1, 25, NULL, 'Montserrat', '#000000', '#FFFFFF', 1, '23', NULL, 9, 10),
       (8, 1, 25, NULL, 'Oswald', '#000000', '#FFFFFF', NULL, '30', NULL, NULL, 10),
       (9, 1, 25, NULL, 'Montserrat', '#000000', '#FFFFFF', 1, '31', NULL, 2, 10),
       (10, 1, 25, NULL, 'Montserrat', '#000000', '#FFFFFF', 1, '32', NULL, 17, 10),
       (11, 1, 25, NULL, 'Montserrat', '#000000', '#FFFFFF', 1, '33', NULL, 4, 10),
       (12, 1, 25, NULL, 'Oswald', '#000000', '#FFFFFF', NULL, '40', NULL, NULL, 10),
       (13, 1, 25, NULL, 'Montserrat', '#000000', '#FFFFFF', 1, '41', NULL, 12, 10),
       (14, 1, 25, NULL, 'Montserrat', '#000000', '#FFFFFF', 1, '42', NULL, 13, 10),
       (15, 1, 25, NULL, 'Montserrat', '#000000', '#FFFFFF', 1, '43', NULL, 14, 10),
       (16, 1, 25, NULL, 'Montserrat', '#000000', '#FFFFFF', 1, '44', NULL, 18, 10),
       (17, 1, 25, NULL, 'Oswald', '#000000', '#FFFFFF', NULL, '50', NULL, NULL, 10),
       (18, 1, 25, NULL, 'Montserrat', '#000000', '#FFFFFF', 1, '51', NULL, 10, 10),
       (19, 1, 25, NULL, 'Montserrat', '#000000', '#FFFFFF', 1, '52', NULL, 7, 10),
       (20, 1, 25, NULL, 'Montserrat', '#000000', '#FFFFFF', 1, '53', NULL, NULL, 10),
       (21, 1, 25, NULL, 'Oswald', '#000000', '#FFFFFF', NULL, '60', NULL, 20, 10),
       (22, 1, 25, NULL, 'Montserrat', '#000000', '#FFFFFF', 1, '61', NULL, 20, 10),
       (23, 1, 25, NULL, 'Montserrat', '#000000', '#FFFFFF', 1, '62', NULL, 20, 10),
       (24, 1, 25, NULL, 'Montserrat', '#000000', '#FFFFFF', 1, '63', NULL, 20, 10),
       (25, 1, 25, NULL, 'Montserrat', '#000000', '#FFFFFF', 1, '64', NULL, 20, 10),
       (26, 1, 25, NULL, 'Montserrat', '#000000', '#FFFFFF', 1, '65', NULL, 20, 10),
       (27, 1, 25, NULL, 'Montserrat', '#000000', '#FFFFFF', 1, '66', NULL, 20, 10),
       (28, 1, 25, NULL, 'Montserrat', '#000000', '#FFFFFF', 1, '67', NULL, 20, 10),
       (29, 1, 25, NULL, 'Montserrat', '#000000', '#FFFFFF', 1, '68', NULL, 20, 10),
       (30, 1, 25, NULL, 'Montserrat', '#000000', '#FFFFFF', 1, '69', NULL, 20, 10),
       (31, 1, 25, NULL, 'Montserrat', '#000000', '#FFFFFF', 1, '610', NULL, 20, 10),
       (1,  2, 25, NULL, 'Oswald', '#000000', '#FFFFFF', NULL, '10', NULL, NULL, 10),
       (2,  2, 25, NULL, 'Montserrat', '#000000', '#FFFFFF', 1, '11', NULL, NULL, 10),
       (3,  2, 25, NULL, 'Montserrat', '#000000', '#FFFFFF', 1, '12', NULL, NULL, 10),
       (4, 2, 25, NULL, 'Oswald', '#000000', '#FFFFFF', NULL, '20', NULL, NULL, 10),
       (5, 2, 25, NULL, 'Montserrat', '#000000', '#FFFFFF', 1, '21', NULL, 3, 10),
       (6, 2, 25, NULL, 'Montserrat', '#000000', '#FFFFFF', 1, '22', NULL, 11, 10),
       (7, 2, 25, NULL, 'Montserrat', '#000000', '#FFFFFF', 1, '23', NULL, 9, 10),
       (8, 2, 25, NULL, 'Oswald', '#000000', '#FFFFFF', NULL, '30', NULL, NULL, 10),
       (9, 2, 25, NULL, 'Montserrat', '#000000', '#FFFFFF', 1, '31', NULL, 2, 10),
       (10, 2, 25, NULL, 'Montserrat', '#000000', '#FFFFFF', 1, '32', NULL, 17, 10),
       (11, 2, 25, NULL, 'Montserrat', '#000000', '#FFFFFF', 1, '33', NULL, 4, 10),
       (12, 2, 25, NULL, 'Oswald', '#000000', '#FFFFFF', NULL, '40', NULL, NULL, 10),
       (13, 2, 25, NULL, 'Montserrat', '#000000', '#FFFFFF', 1, '41', NULL, 12, 10),
       (14, 2, 25, NULL, 'Montserrat', '#000000', '#FFFFFF', 1, '42', NULL, 13, 10),
       (15, 2, 25, NULL, 'Montserrat', '#000000', '#FFFFFF', 1, '43', NULL, 14, 10),
       (16, 2, 25, NULL, 'Montserrat', '#000000', '#FFFFFF', 1, '44', NULL, 18, 10),
       (17, 2, 25, NULL, 'Oswald', '#000000', '#FFFFFF', NULL, '50', NULL, NULL, 10),
       (18, 2, 25, NULL, 'Montserrat', '#000000', '#FFFFFF', 1, '51', NULL, 10, 10),
       (19, 2, 25, NULL, 'Montserrat', '#000000', '#FFFFFF', 1, '52', NULL, 7, 10),
       (20, 2, 25, NULL, 'Montserrat', '#000000', '#FFFFFF', 1, '53', NULL, NULL, 10),
       (21, 2, 25, NULL, 'Oswald', '#000000', '#FFFFFF', NULL, '60', NULL, 20, 10),
       (22, 2, 25, NULL, 'Montserrat', '#000000', '#FFFFFF', 1, '61', NULL, 20, 10),
       (23, 2, 25, NULL, 'Montserrat', '#000000', '#FFFFFF', 1, '62', NULL, 20, 10),
       (24, 2, 25, NULL, 'Montserrat', '#000000', '#FFFFFF', 1, '63', NULL, 20, 10),
       (25, 2, 25, NULL, 'Montserrat', '#000000', '#FFFFFF', 1, '64', NULL, 20, 10),
       (26, 2, 25, NULL, 'Montserrat', '#000000', '#FFFFFF', 1, '65', NULL, 20, 10),
       (27, 2, 25, NULL, 'Montserrat', '#000000', '#FFFFFF', 1, '66', NULL, 20, 10),
       (28, 2, 25, NULL, 'Montserrat', '#000000', '#FFFFFF', 1, '67', NULL, 20, 10),
       (29, 2, 25, NULL, 'Montserrat', '#000000', '#FFFFFF', 1, '68', NULL, 20, 10),
       (30, 2, 25, NULL, 'Montserrat', '#000000', '#FFFFFF', 1, '69', NULL, 20, 10),
       (31, 2, 25, NULL, 'Montserrat', '#000000', '#FFFFFF', 1, '610', NULL, 20, 10),
       (1,  3, 25, NULL, 'Oswald', '#000000', '#FFFFFF', NULL, '10', NULL, NULL, 10),
       (2,  3, 25, NULL, 'Montserrat', '#000000', '#FFFFFF', 1, '11', NULL, NULL, 10),
       (3,  3, 25, NULL, 'Montserrat', '#000000', '#FFFFFF', 1, '12', NULL, NULL, 10),
       (4, 3, 25, NULL, 'Oswald', '#000000', '#FFFFFF', NULL, '20', NULL, NULL, 10),
       (5, 3, 25, NULL, 'Montserrat', '#000000', '#FFFFFF', 1, '21', NULL, 3, 10),
       (6, 3, 25, NULL, 'Montserrat', '#000000', '#FFFFFF', 1, '22', NULL, 11, 10),
       (7, 3, 25, NULL, 'Montserrat', '#000000', '#FFFFFF', 1, '23', NULL, 9, 10),
       (8, 3, 25, NULL, 'Oswald', '#000000', '#FFFFFF', NULL, '30', NULL, NULL, 10),
       (9, 3, 25, NULL, 'Montserrat', '#000000', '#FFFFFF', 1, '31', NULL, 2, 10),
       (10, 3, 25, NULL, 'Montserrat', '#000000', '#FFFFFF', 1, '32', NULL, 17, 10),
       (11, 3, 25, NULL, 'Montserrat', '#000000', '#FFFFFF', 1, '33', NULL, 4, 10),
       (12, 3, 25, NULL, 'Oswald', '#000000', '#FFFFFF', NULL, '40', NULL, NULL, 10),
       (13, 3, 25, NULL, 'Montserrat', '#000000', '#FFFFFF', 1, '41', NULL, 12, 10),
       (14, 3, 25, NULL, 'Montserrat', '#000000', '#FFFFFF', 1, '42', NULL, 13, 10),
       (15, 3, 25, NULL, 'Montserrat', '#000000', '#FFFFFF', 1, '43', NULL, 14, 10),
       (16, 3, 25, NULL, 'Montserrat', '#000000', '#FFFFFF', 1, '44', NULL, 18, 10),
       (17, 3, 25, NULL, 'Oswald', '#000000', '#FFFFFF', NULL, '50', NULL, NULL, 10),
       (18, 3, 25, NULL, 'Montserrat', '#000000', '#FFFFFF', 1, '51', NULL, 10, 10),
       (19, 3, 25, NULL, 'Montserrat', '#000000', '#FFFFFF', 1, '52', NULL, 7, 10),
       (20, 3, 25, NULL, 'Montserrat', '#000000', '#FFFFFF', 1, '53', NULL, NULL, 10),
       (21, 3, 25, NULL, 'Oswald', '#000000', '#FFFFFF', NULL, '60', NULL, 20, 10),
       (22, 3, 25, NULL, 'Montserrat', '#000000', '#FFFFFF', 1, '61', NULL, 20, 10),
       (23, 3, 25, NULL, 'Montserrat', '#000000', '#FFFFFF', 1, '62', NULL, 20, 10),
       (24, 3, 25, NULL, 'Montserrat', '#000000', '#FFFFFF', 1, '63', NULL, 20, 10),
       (25, 3, 25, NULL, 'Montserrat', '#000000', '#FFFFFF', 1, '64', NULL, 20, 10),
       (26, 3, 25, NULL, 'Montserrat', '#000000', '#FFFFFF', 1, '65', NULL, 20, 10),
       (27, 3, 25, NULL, 'Montserrat', '#000000', '#FFFFFF', 1, '66', NULL, 20, 10),
       (28, 3, 25, NULL, 'Montserrat', '#000000', '#FFFFFF', 1, '67', NULL, 20, 10),
       (29, 3, 25, NULL, 'Montserrat', '#000000', '#FFFFFF', 1, '68', NULL, 20, 10),
       (30, 3, 25, NULL, 'Montserrat', '#000000', '#FFFFFF', 1, '69', NULL, 20, 10),
       (31, 3, 25, NULL, 'Montserrat', '#000000', '#FFFFFF', 1, '610', NULL, 20, 10),
       (1,  4, 25, NULL, 'Oswald', '#000000', '#FFFFFF', NULL, '10', NULL, NULL, 10),
       (2,  4, 25, NULL, 'Montserrat', '#000000', '#FFFFFF', 1, '11', NULL, NULL, 10),
       (3,  4, 25, NULL, 'Montserrat', '#000000', '#FFFFFF', 1, '12', NULL, NULL, 10),
       (4, 4, 25, NULL, 'Oswald', '#000000', '#FFFFFF', NULL, '20', NULL, NULL, 10),
       (5, 4, 25, NULL, 'Montserrat', '#000000', '#FFFFFF', 1, '21', NULL, 3, 10),
       (6, 4, 25, NULL, 'Montserrat', '#000000', '#FFFFFF', 1, '22', NULL, 11, 10),
       (7, 4, 25, NULL, 'Montserrat', '#000000', '#FFFFFF', 1, '23', NULL, 9, 10),
       (8, 4, 25, NULL, 'Oswald', '#000000', '#FFFFFF', NULL, '30', NULL, NULL, 10),
       (9, 4, 25, NULL, 'Montserrat', '#000000', '#FFFFFF', 1, '31', NULL, 2, 10),
       (10, 4, 25, NULL, 'Montserrat', '#000000', '#FFFFFF', 1, '32', NULL, 17, 10),
       (11, 4, 25, NULL, 'Montserrat', '#000000', '#FFFFFF', 1, '33', NULL, 4, 10),
       (12, 4, 25, NULL, 'Oswald', '#000000', '#FFFFFF', NULL, '40', NULL, NULL, 10),
       (13, 4, 25, NULL, 'Montserrat', '#000000', '#FFFFFF', 1, '41', NULL, 12, 10),
       (14, 4, 25, NULL, 'Montserrat', '#000000', '#FFFFFF', 1, '42', NULL, 13, 10),
       (15, 4, 25, NULL, 'Montserrat', '#000000', '#FFFFFF', 1, '43', NULL, 14, 10),
       (16, 4, 25, NULL, 'Montserrat', '#000000', '#FFFFFF', 1, '44', NULL, 18, 10),
       (17, 4, 25, NULL, 'Oswald', '#000000', '#FFFFFF', NULL, '50', NULL, NULL, 10),
       (18, 4, 25, NULL, 'Montserrat', '#000000', '#FFFFFF', 1, '51', NULL, 10, 10),
       (19, 4, 25, NULL, 'Montserrat', '#000000', '#FFFFFF', 1, '52', NULL, 7, 10),
       (20, 4, 25, NULL, 'Montserrat', '#000000', '#FFFFFF', 1, '53', NULL, NULL, 10),
       (21, 4, 25, NULL, 'Oswald', '#000000', '#FFFFFF', NULL, '60', NULL, 20, 10),
       (22, 4, 25, NULL, 'Montserrat', '#000000', '#FFFFFF', 1, '61', NULL, 20, 10),
       (23, 4, 25, NULL, 'Montserrat', '#000000', '#FFFFFF', 1, '62', NULL, 20, 10),
       (24, 4, 25, NULL, 'Montserrat', '#000000', '#FFFFFF', 1, '63', NULL, 20, 10),
       (25, 4, 25, NULL, 'Montserrat', '#000000', '#FFFFFF', 1, '64', NULL, 20, 10),
       (26, 4, 25, NULL, 'Montserrat', '#000000', '#FFFFFF', 1, '65', NULL, 20, 10),
       (27, 4, 25, NULL, 'Montserrat', '#000000', '#FFFFFF', 1, '66', NULL, 20, 10),
       (28, 4, 25, NULL, 'Montserrat', '#000000', '#FFFFFF', 1, '67', NULL, 20, 10),
       (29, 4, 25, NULL, 'Montserrat', '#000000', '#FFFFFF', 1, '68', NULL, 20, 10),
       (30, 4, 25, NULL, 'Montserrat', '#000000', '#FFFFFF', 1, '69', NULL, 20, 10),
       (31, 4, 25, NULL, 'Montserrat', '#000000', '#FFFFFF', 1, '610', NULL, 20, 10),
       (1,  5, 25, NULL, 'Oswald', '#000000', '#FFFFFF', NULL, '10', NULL, NULL, 10),
       (2,  5, 25, NULL, 'Montserrat', '#000000', '#FFFFFF', 1, '11', NULL, NULL, 10),
       (3,  5, 25, NULL, 'Montserrat', '#000000', '#FFFFFF', 1, '12', NULL, NULL, 10),
       (4, 5, 25, NULL, 'Oswald', '#000000', '#FFFFFF', NULL, '20', NULL, NULL, 10),
       (5, 5, 25, NULL, 'Montserrat', '#000000', '#FFFFFF', 1, '21', NULL, 3, 10),
       (6, 5, 25, NULL, 'Montserrat', '#000000', '#FFFFFF', 1, '22', NULL, 11, 10),
       (7, 5, 25, NULL, 'Montserrat', '#000000', '#FFFFFF', 1, '23', NULL, 9, 10),
       (8, 5, 25, NULL, 'Oswald', '#000000', '#FFFFFF', NULL, '30', NULL, NULL, 10),
       (9, 5, 25, NULL, 'Montserrat', '#000000', '#FFFFFF', 1, '31', NULL, 2, 10),
       (10, 5, 25, NULL, 'Montserrat', '#000000', '#FFFFFF', 1, '32', NULL, 17, 10),
       (11, 5, 25, NULL, 'Montserrat', '#000000', '#FFFFFF', 1, '33', NULL, 4, 10),
       (12, 5, 25, NULL, 'Oswald', '#000000', '#FFFFFF', NULL, '40', NULL, NULL, 10),
       (13, 5, 25, NULL, 'Montserrat', '#000000', '#FFFFFF', 1, '41', NULL, 12, 10),
       (14, 5, 25, NULL, 'Montserrat', '#000000', '#FFFFFF', 1, '42', NULL, 13, 10),
       (15, 5, 25, NULL, 'Montserrat', '#000000', '#FFFFFF', 1, '43', NULL, 14, 10),
       (16, 5, 25, NULL, 'Montserrat', '#000000', '#FFFFFF', 1, '44', NULL, 18, 10),
       (17, 5, 25, NULL, 'Oswald', '#000000', '#FFFFFF', NULL, '50', NULL, NULL, 10),
       (18, 5, 25, NULL, 'Montserrat', '#000000', '#FFFFFF', 1, '51', NULL, 10, 10),
       (19, 5, 25, NULL, 'Montserrat', '#000000', '#FFFFFF', 1, '52', NULL, 7, 10),
       (20, 5, 25, NULL, 'Montserrat', '#000000', '#FFFFFF', 1, '53', NULL, NULL, 10),
       (21, 5, 25, NULL, 'Oswald', '#000000', '#FFFFFF', NULL, '60', NULL, 20, 10),
       (22, 5, 25, NULL, 'Montserrat', '#000000', '#FFFFFF', 1, '61', NULL, 20, 10),
       (23, 5, 25, NULL, 'Montserrat', '#000000', '#FFFFFF', 1, '62', NULL, 20, 10),
       (24, 5, 25, NULL, 'Montserrat', '#000000', '#FFFFFF', 1, '63', NULL, 20, 10),
       (25, 5, 25, NULL, 'Montserrat', '#000000', '#FFFFFF', 1, '64', NULL, 20, 10),
       (26, 5, 25, NULL, 'Montserrat', '#000000', '#FFFFFF', 1, '65', NULL, 20, 10),
       (27, 5, 25, NULL, 'Montserrat', '#000000', '#FFFFFF', 1, '66', NULL, 20, 10),
       (28, 5, 25, NULL, 'Montserrat', '#000000', '#FFFFFF', 1, '67', NULL, 20, 10),
       (29, 5, 25, NULL, 'Montserrat', '#000000', '#FFFFFF', 1, '68', NULL, 20, 10),
       (30, 5, 25, NULL, 'Montserrat', '#000000', '#FFFFFF', 1, '69', NULL, 20, 10),
       (31, 5, 25, NULL, 'Montserrat', '#000000', '#FFFFFF', 1, '610', NULL, 20, 10),
       (1,  6, 25, NULL, 'Oswald', '#000000', '#FFFFFF', NULL, '10', NULL, NULL, 10),
       (2,  6, 25, NULL, 'Montserrat', '#000000', '#FFFFFF', 1, '11', NULL, NULL, 10),
       (3,  6, 25, NULL, 'Montserrat', '#000000', '#FFFFFF', 1, '12', NULL, NULL, 10),
       (4, 6, 25, NULL, 'Oswald', '#000000', '#FFFFFF', NULL, '20', NULL, NULL, 10),
       (5, 6, 25, NULL, 'Montserrat', '#000000', '#FFFFFF', 1, '21', NULL, 3, 10),
       (6, 6, 25, NULL, 'Montserrat', '#000000', '#FFFFFF', 1, '22', NULL, 11, 10),
       (7, 6, 25, NULL, 'Montserrat', '#000000', '#FFFFFF', 1, '23', NULL, 9, 10),
       (8, 6, 25, NULL, 'Oswald', '#000000', '#FFFFFF', NULL, '30', NULL, NULL, 10),
       (9, 6, 25, NULL, 'Montserrat', '#000000', '#FFFFFF', 1, '31', NULL, 2, 10),
       (10, 6, 25, NULL, 'Montserrat', '#000000', '#FFFFFF', 1, '32', NULL, 17, 10),
       (11, 6, 25, NULL, 'Montserrat', '#000000', '#FFFFFF', 1, '33', NULL, 4, 10),
       (12, 6, 25, NULL, 'Oswald', '#000000', '#FFFFFF', NULL, '40', NULL, NULL, 10),
       (13, 6, 25, NULL, 'Montserrat', '#000000', '#FFFFFF', 1, '41', NULL, 12, 10),
       (14, 6, 25, NULL, 'Montserrat', '#000000', '#FFFFFF', 1, '42', NULL, 13, 10),
       (15, 6, 25, NULL, 'Montserrat', '#000000', '#FFFFFF', 1, '43', NULL, 14, 10),
       (16, 6, 25, NULL, 'Montserrat', '#000000', '#FFFFFF', 1, '44', NULL, 18, 10),
       (17, 6, 25, NULL, 'Oswald', '#000000', '#FFFFFF', NULL, '50', NULL, NULL, 10),
       (18, 6, 25, NULL, 'Montserrat', '#000000', '#FFFFFF', 1, '51', NULL, 10, 10),
       (19, 6, 25, NULL, 'Montserrat', '#000000', '#FFFFFF', 1, '52', NULL, 7, 10),
       (20, 6, 25, NULL, 'Montserrat', '#000000', '#FFFFFF', 1, '53', NULL, NULL, 10),
       (21, 6, 25, NULL, 'Oswald', '#000000', '#FFFFFF', NULL, '60', NULL, 20, 10),
       (22, 6, 25, NULL, 'Montserrat', '#000000', '#FFFFFF', 1, '61', NULL, 20, 10),
       (23, 6, 25, NULL, 'Montserrat', '#000000', '#FFFFFF', 1, '62', NULL, 20, 10),
       (24, 6, 25, NULL, 'Montserrat', '#000000', '#FFFFFF', 1, '63', NULL, 20, 10),
       (25, 6, 25, NULL, 'Montserrat', '#000000', '#FFFFFF', 1, '64', NULL, 20, 10),
       (26, 6, 25, NULL, 'Montserrat', '#000000', '#FFFFFF', 1, '65', NULL, 20, 10),
       (27, 6, 25, NULL, 'Montserrat', '#000000', '#FFFFFF', 1, '66', NULL, 20, 10),
       (28, 6, 25, NULL, 'Montserrat', '#000000', '#FFFFFF', 1, '67', NULL, 20, 10),
       (29, 6, 25, NULL, 'Montserrat', '#000000', '#FFFFFF', 1, '68', NULL, 20, 10),
       (30, 6, 25, NULL, 'Montserrat', '#000000', '#FFFFFF', 1, '69', NULL, 20, 10),
       (31, 6, 25, NULL, 'Montserrat', '#000000', '#FFFFFF', 1, '610', NULL, 20, 10),
       (1,  7, 25, NULL, 'Oswald', '#000000', '#FFFFFF', NULL, '10', NULL, NULL, 10),
       (2,  7, 25, NULL, 'Montserrat', '#000000', '#FFFFFF', 1, '11', NULL, NULL, 10),
       (3,  7, 25, NULL, 'Montserrat', '#000000', '#FFFFFF', 1, '12', NULL, NULL, 10),
       (4, 7, 25, NULL, 'Oswald', '#000000', '#FFFFFF', NULL, '20', NULL, NULL, 10),
       (5, 7, 25, NULL, 'Montserrat', '#000000', '#FFFFFF', 1, '21', NULL, 3, 10),
       (6, 7, 25, NULL, 'Montserrat', '#000000', '#FFFFFF', 1, '22', NULL, 11, 10),
       (7, 7, 25, NULL, 'Montserrat', '#000000', '#FFFFFF', 1, '23', NULL, 9, 10),
       (8, 7, 25, NULL, 'Oswald', '#000000', '#FFFFFF', NULL, '30', NULL, NULL, 10),
       (9, 7, 25, NULL, 'Montserrat', '#000000', '#FFFFFF', 1, '31', NULL, 2, 10),
       (10, 7, 25, NULL, 'Montserrat', '#000000', '#FFFFFF', 1, '32', NULL, 17, 10),
       (11, 7, 25, NULL, 'Montserrat', '#000000', '#FFFFFF', 1, '33', NULL, 4, 10),
       (12, 7, 25, NULL, 'Oswald', '#000000', '#FFFFFF', NULL, '40', NULL, NULL, 10),
       (13, 7, 25, NULL, 'Montserrat', '#000000', '#FFFFFF', 1, '41', NULL, 12, 10),
       (14, 7, 25, NULL, 'Montserrat', '#000000', '#FFFFFF', 1, '42', NULL, 13, 10),
       (15, 7, 25, NULL, 'Montserrat', '#000000', '#FFFFFF', 1, '43', NULL, 14, 10),
       (16, 7, 25, NULL, 'Montserrat', '#000000', '#FFFFFF', 1, '44', NULL, 18, 10),
       (17, 7, 25, NULL, 'Oswald', '#000000', '#FFFFFF', NULL, '50', NULL, NULL, 10),
       (18, 7, 25, NULL, 'Montserrat', '#000000', '#FFFFFF', 1, '51', NULL, 10, 10),
       (19, 7, 25, NULL, 'Montserrat', '#000000', '#FFFFFF', 1, '52', NULL, 7, 10),
       (20, 7, 25, NULL, 'Montserrat', '#000000', '#FFFFFF', 1, '53', NULL, NULL, 10),
       (21, 7, 25, NULL, 'Oswald', '#000000', '#FFFFFF', NULL, '60', NULL, 20, 10),
       (22, 7, 25, NULL, 'Montserrat', '#000000', '#FFFFFF', 1, '61', NULL, 20, 10),
       (23, 7, 25, NULL, 'Montserrat', '#000000', '#FFFFFF', 1, '62', NULL, 20, 10),
       (24, 7, 25, NULL, 'Montserrat', '#000000', '#FFFFFF', 1, '63', NULL, 20, 10),
       (25, 7, 25, NULL, 'Montserrat', '#000000', '#FFFFFF', 1, '64', NULL, 20, 10),
       (26, 7, 25, NULL, 'Montserrat', '#000000', '#FFFFFF', 1, '65', NULL, 20, 10),
       (27, 7, 25, NULL, 'Montserrat', '#000000', '#FFFFFF', 1, '66', NULL, 20, 10),
       (28, 7, 25, NULL, 'Montserrat', '#000000', '#FFFFFF', 1, '67', NULL, 20, 10),
       (29, 7, 25, NULL, 'Montserrat', '#000000', '#FFFFFF', 1, '68', NULL, 20, 10),
       (30, 7, 25, NULL, 'Montserrat', '#000000', '#FFFFFF', 1, '69', NULL, 20, 10),
       (31, 7, 25, NULL, 'Montserrat', '#000000', '#FFFFFF', 1, '610', NULL, 20, 10),
       (1,  8, 25, NULL, 'Oswald', '#000000', '#FFFFFF', NULL, '10', NULL, NULL, 10),
       (2,  8, 25, NULL, 'Montserrat', '#000000', '#FFFFFF', 1, '11', NULL, NULL, 10),
       (3,  8, 25, NULL, 'Montserrat', '#000000', '#FFFFFF', 1, '12', NULL, NULL, 10),
       (4, 8, 25, NULL, 'Oswald', '#000000', '#FFFFFF', NULL, '20', NULL, NULL, 10),
       (5, 8, 25, NULL, 'Montserrat', '#000000', '#FFFFFF', 1, '21', NULL, 3, 10),
       (6, 8, 25, NULL, 'Montserrat', '#000000', '#FFFFFF', 1, '22', NULL, 11, 10),
       (7, 8, 25, NULL, 'Montserrat', '#000000', '#FFFFFF', 1, '23', NULL, 9, 10),
       (8, 8, 25, NULL, 'Oswald', '#000000', '#FFFFFF', NULL, '30', NULL, NULL, 10),
       (9, 8, 25, NULL, 'Montserrat', '#000000', '#FFFFFF', 1, '31', NULL, 2, 10),
       (10, 8, 25, NULL, 'Montserrat', '#000000', '#FFFFFF', 1, '32', NULL, 17, 10),
       (11, 8, 25, NULL, 'Montserrat', '#000000', '#FFFFFF', 1, '33', NULL, 4, 10),
       (12, 8, 25, NULL, 'Oswald', '#000000', '#FFFFFF', NULL, '40', NULL, NULL, 10),
       (13, 8, 25, NULL, 'Montserrat', '#000000', '#FFFFFF', 1, '41', NULL, 12, 10),
       (14, 8, 25, NULL, 'Montserrat', '#000000', '#FFFFFF', 1, '42', NULL, 13, 10),
       (15, 8, 25, NULL, 'Montserrat', '#000000', '#FFFFFF', 1, '43', NULL, 14, 10),
       (16, 8, 25, NULL, 'Montserrat', '#000000', '#FFFFFF', 1, '44', NULL, 18, 10),
       (17, 8, 25, NULL, 'Oswald', '#000000', '#FFFFFF', NULL, '50', NULL, NULL, 10),
       (18, 8, 25, NULL, 'Montserrat', '#000000', '#FFFFFF', 1, '51', NULL, 10, 10),
       (19, 8, 25, NULL, 'Montserrat', '#000000', '#FFFFFF', 1, '52', NULL, 7, 10),
       (20, 8, 25, NULL, 'Montserrat', '#000000', '#FFFFFF', 1, '53', NULL, NULL, 10),
       (21, 8, 25, NULL, 'Oswald', '#000000', '#FFFFFF', NULL, '60', NULL, 20, 10),
       (22, 8, 25, NULL, 'Montserrat', '#000000', '#FFFFFF', 1, '61', NULL, 20, 10),
       (23, 8, 25, NULL, 'Montserrat', '#000000', '#FFFFFF', 1, '62', NULL, 20, 10),
       (24, 8, 25, NULL, 'Montserrat', '#000000', '#FFFFFF', 1, '63', NULL, 20, 10),
       (25, 8, 25, NULL, 'Montserrat', '#000000', '#FFFFFF', 1, '64', NULL, 20, 10),
       (26, 8, 25, NULL, 'Montserrat', '#000000', '#FFFFFF', 1, '65', NULL, 20, 10),
       (27, 8, 25, NULL, 'Montserrat', '#000000', '#FFFFFF', 1, '66', NULL, 20, 10),
       (28, 8, 25, NULL, 'Montserrat', '#000000', '#FFFFFF', 1, '67', NULL, 20, 10),
       (29, 8, 25, NULL, 'Montserrat', '#000000', '#FFFFFF', 1, '68', NULL, 20, 10),
       (30, 8, 25, NULL, 'Montserrat', '#000000', '#FFFFFF', 1, '69', NULL, 20, 10),
       (31, 8, 25, NULL, 'Montserrat', '#000000', '#FFFFFF', 1, '610', NULL, 20, 10),
       (1,  9, 25, NULL, 'Oswald', '#000000', '#FFFFFF', NULL, '10', NULL, NULL, 10),
       (2,  9, 25, NULL, 'Montserrat', '#000000', '#FFFFFF', 1, '11', NULL, NULL, 10),
       (3,  9, 25, NULL, 'Montserrat', '#000000', '#FFFFFF', 1, '12', NULL, NULL, 10),
       (4, 9, 25, NULL, 'Oswald', '#000000', '#FFFFFF', NULL, '20', NULL, NULL, 10),
       (5, 9, 25, NULL, 'Montserrat', '#000000', '#FFFFFF', 1, '21', NULL, 3, 10),
       (6, 9, 25, NULL, 'Montserrat', '#000000', '#FFFFFF', 1, '22', NULL, 11, 10),
       (7, 9, 25, NULL, 'Montserrat', '#000000', '#FFFFFF', 1, '23', NULL, 9, 10),
       (8, 9, 25, NULL, 'Oswald', '#000000', '#FFFFFF', NULL, '30', NULL, NULL, 10),
       (9, 9, 25, NULL, 'Montserrat', '#000000', '#FFFFFF', 1, '31', NULL, 2, 10),
       (10, 9, 25, NULL, 'Montserrat', '#000000', '#FFFFFF', 1, '32', NULL, 17, 10),
       (11, 9, 25, NULL, 'Montserrat', '#000000', '#FFFFFF', 1, '33', NULL, 4, 10),
       (12, 9, 25, NULL, 'Oswald', '#000000', '#FFFFFF', NULL, '40', NULL, NULL, 10),
       (13, 9, 25, NULL, 'Montserrat', '#000000', '#FFFFFF', 1, '41', NULL, 12, 10),
       (14, 9, 25, NULL, 'Montserrat', '#000000', '#FFFFFF', 1, '42', NULL, 13, 10),
       (15, 9, 25, NULL, 'Montserrat', '#000000', '#FFFFFF', 1, '43', NULL, 14, 10),
       (16, 9, 25, NULL, 'Montserrat', '#000000', '#FFFFFF', 1, '44', NULL, 18, 10),
       (17, 9, 25, NULL, 'Oswald', '#000000', '#FFFFFF', NULL, '50', NULL, NULL, 10),
       (18, 9, 25, NULL, 'Montserrat', '#000000', '#FFFFFF', 1, '51', NULL, 10, 10),
       (19, 9, 25, NULL, 'Montserrat', '#000000', '#FFFFFF', 1, '52', NULL, 7, 10),
       (20, 9, 25, NULL, 'Montserrat', '#000000', '#FFFFFF', 1, '53', NULL, NULL, 10),
       (21, 9, 25, NULL, 'Oswald', '#000000', '#FFFFFF', NULL, '60', NULL, 20, 10),
       (22, 9, 25, NULL, 'Montserrat', '#000000', '#FFFFFF', 1, '61', NULL, 20, 10),
       (23, 9, 25, NULL, 'Montserrat', '#000000', '#FFFFFF', 1, '62', NULL, 20, 10),
       (24, 9, 25, NULL, 'Montserrat', '#000000', '#FFFFFF', 1, '63', NULL, 20, 10),
       (25, 9, 25, NULL, 'Montserrat', '#000000', '#FFFFFF', 1, '64', NULL, 20, 10),
       (26, 9, 25, NULL, 'Montserrat', '#000000', '#FFFFFF', 1, '65', NULL, 20, 10),
       (27, 9, 25, NULL, 'Montserrat', '#000000', '#FFFFFF', 1, '66', NULL, 20, 10),
       (28, 9, 25, NULL, 'Montserrat', '#000000', '#FFFFFF', 1, '67', NULL, 20, 10),
       (29, 9, 25, NULL, 'Montserrat', '#000000', '#FFFFFF', 1, '68', NULL, 20, 10),
       (30, 9, 25, NULL, 'Montserrat', '#000000', '#FFFFFF', 1, '69', NULL, 20, 10),
       (31, 9, 25, NULL, 'Montserrat', '#000000', '#FFFFFF', 1, '610', NULL, 20, 10),
       (1,  10, 25, NULL, 'Oswald', '#000000', '#FFFFFF', NULL, '10', NULL, NULL, 10),
       (2,  10, 25, NULL, 'Montserrat', '#000000', '#FFFFFF', 1, '11', NULL, NULL, 10),
       (3,  10, 25, NULL, 'Montserrat', '#000000', '#FFFFFF', 1, '12', NULL, NULL, 10),
       (4, 10, 25, NULL, 'Oswald', '#000000', '#FFFFFF', NULL, '20', NULL, NULL, 10),
       (5, 10, 25, NULL, 'Montserrat', '#000000', '#FFFFFF', 1, '21', NULL, 3, 10),
       (6, 10, 25, NULL, 'Montserrat', '#000000', '#FFFFFF', 1, '22', NULL, 11, 10),
       (7, 10, 25, NULL, 'Montserrat', '#000000', '#FFFFFF', 1, '23', NULL, 9, 10),
       (8, 10, 25, NULL, 'Oswald', '#000000', '#FFFFFF', NULL, '30', NULL, NULL, 10),
       (9, 10, 25, NULL, 'Montserrat', '#000000', '#FFFFFF', 1, '31', NULL, 2, 10),
       (10, 10, 25, NULL, 'Montserrat', '#000000', '#FFFFFF', 1, '32', NULL, 17, 10),
       (11, 10, 25, NULL, 'Montserrat', '#000000', '#FFFFFF', 1, '33', NULL, 4, 10),
       (12, 10, 25, NULL, 'Oswald', '#000000', '#FFFFFF', NULL, '40', NULL, NULL, 10),
       (13, 10, 25, NULL, 'Montserrat', '#000000', '#FFFFFF', 1, '41', NULL, 12, 10),
       (14, 10, 25, NULL, 'Montserrat', '#000000', '#FFFFFF', 1, '42', NULL, 13, 10),
       (15, 10, 25, NULL, 'Montserrat', '#000000', '#FFFFFF', 1, '43', NULL, 14, 10),
       (16, 10, 25, NULL, 'Montserrat', '#000000', '#FFFFFF', 1, '44', NULL, 18, 10),
       (17, 10, 25, NULL, 'Oswald', '#000000', '#FFFFFF', NULL, '50', NULL, NULL, 10),
       (18, 10, 25, NULL, 'Montserrat', '#000000', '#FFFFFF', 1, '51', NULL, 10, 10),
       (19, 10, 25, NULL, 'Montserrat', '#000000', '#FFFFFF', 1, '52', NULL, 7, 10),
       (20, 10, 25, NULL, 'Montserrat', '#000000', '#FFFFFF', 1, '53', NULL, NULL, 10),
       (21, 10, 25, NULL, 'Oswald', '#000000', '#FFFFFF', NULL, '60', NULL, 20, 10),
       (22, 10, 25, NULL, 'Montserrat', '#000000', '#FFFFFF', 1, '61', NULL, 20, 10),
       (23, 10, 25, NULL, 'Montserrat', '#000000', '#FFFFFF', 1, '62', NULL, 20, 10),
       (24, 10, 25, NULL, 'Montserrat', '#000000', '#FFFFFF', 1, '63', NULL, 20, 10),
       (25, 10, 25, NULL, 'Montserrat', '#000000', '#FFFFFF', 1, '64', NULL, 20, 10),
       (26, 10, 25, NULL, 'Montserrat', '#000000', '#FFFFFF', 1, '65', NULL, 20, 10),
       (27, 10, 25, NULL, 'Montserrat', '#000000', '#FFFFFF', 1, '66', NULL, 20, 10),
       (28, 10, 25, NULL, 'Montserrat', '#000000', '#FFFFFF', 1, '67', NULL, 20, 10),
       (29, 10, 25, NULL, 'Montserrat', '#000000', '#FFFFFF', 1, '68', NULL, 20, 10),
       (30, 10, 25, NULL, 'Montserrat', '#000000', '#FFFFFF', 1, '69', NULL, 20, 10),
       (31, 10, 25, NULL, 'Montserrat', '#000000', '#FFFFFF', 1, '610', NULL, 20, 10),
       (1,  11, 25, NULL, 'Oswald', '#000000', '#FFFFFF', NULL, '10', NULL, NULL, 10),
       (2,  11, 25, NULL, 'Montserrat', '#000000', '#FFFFFF', 1, '11', NULL, NULL, 10),
       (3,  11, 25, NULL, 'Montserrat', '#000000', '#FFFFFF', 1, '12', NULL, NULL, 10),
       (4, 11, 25, NULL, 'Oswald', '#000000', '#FFFFFF', NULL, '20', NULL, NULL, 10),
       (5, 11, 25, NULL, 'Montserrat', '#000000', '#FFFFFF', 1, '21', NULL, 3, 10),
       (6, 11, 25, NULL, 'Montserrat', '#000000', '#FFFFFF', 1, '22', NULL, 11, 10),
       (7, 11, 25, NULL, 'Montserrat', '#000000', '#FFFFFF', 1, '23', NULL, 9, 10),
       (8, 11, 25, NULL, 'Oswald', '#000000', '#FFFFFF', NULL, '30', NULL, NULL, 10),
       (9, 11, 25, NULL, 'Montserrat', '#000000', '#FFFFFF', 1, '31', NULL, 2, 10),
       (10, 11, 25, NULL, 'Montserrat', '#000000', '#FFFFFF', 1, '32', NULL, 17, 10),
       (11, 11, 25, NULL, 'Montserrat', '#000000', '#FFFFFF', 1, '33', NULL, 4, 10),
       (12, 11, 25, NULL, 'Oswald', '#000000', '#FFFFFF', NULL, '40', NULL, NULL, 10),
       (13, 11, 25, NULL, 'Montserrat', '#000000', '#FFFFFF', 1, '41', NULL, 12, 10),
       (14, 11, 25, NULL, 'Montserrat', '#000000', '#FFFFFF', 1, '42', NULL, 13, 10),
       (15, 11, 25, NULL, 'Montserrat', '#000000', '#FFFFFF', 1, '43', NULL, 14, 10),
       (16, 11, 25, NULL, 'Montserrat', '#000000', '#FFFFFF', 1, '44', NULL, 18, 10),
       (17, 11, 25, NULL, 'Oswald', '#000000', '#FFFFFF', NULL, '50', NULL, NULL, 10),
       (18, 11, 25, NULL, 'Montserrat', '#000000', '#FFFFFF', 1, '51', NULL, 10, 10),
       (19, 11, 25, NULL, 'Montserrat', '#000000', '#FFFFFF', 1, '52', NULL, 7, 10),
       (20, 11, 25, NULL, 'Montserrat', '#000000', '#FFFFFF', 1, '53', NULL, NULL, 10),
       (21, 11, 25, NULL, 'Oswald', '#000000', '#FFFFFF', NULL, '60', NULL, 20, 10),
       (22, 11, 25, NULL, 'Montserrat', '#000000', '#FFFFFF', 1, '61', NULL, 20, 10),
       (23, 11, 25, NULL, 'Montserrat', '#000000', '#FFFFFF', 1, '62', NULL, 20, 10),
       (24, 11, 25, NULL, 'Montserrat', '#000000', '#FFFFFF', 1, '63', NULL, 20, 10),
       (25, 11, 25, NULL, 'Montserrat', '#000000', '#FFFFFF', 1, '64', NULL, 20, 10),
       (26, 11, 25, NULL, 'Montserrat', '#000000', '#FFFFFF', 1, '65', NULL, 20, 10),
       (27, 11, 25, NULL, 'Montserrat', '#000000', '#FFFFFF', 1, '66', NULL, 20, 10),
       (28, 11, 25, NULL, 'Montserrat', '#000000', '#FFFFFF', 1, '67', NULL, 20, 10),
       (29, 11, 25, NULL, 'Montserrat', '#000000', '#FFFFFF', 1, '68', NULL, 20, 10),
       (30, 11, 25, NULL, 'Montserrat', '#000000', '#FFFFFF', 1, '69', NULL, 20, 10),
       (31, 11, 25, NULL, 'Montserrat', '#000000', '#FFFFFF', 1, '610', NULL, 20, 10),
       (1,  12, 25, NULL, 'Oswald', '#000000', '#FFFFFF', NULL, '10', NULL, NULL, 10),
       (2,  12, 25, NULL, 'Montserrat', '#000000', '#FFFFFF', 1, '11', NULL, NULL, 10),
       (3,  12, 25, NULL, 'Montserrat', '#000000', '#FFFFFF', 1, '12', NULL, NULL, 10),
       (4, 12, 25, NULL, 'Oswald', '#000000', '#FFFFFF', NULL, '20', NULL, NULL, 10),
       (5, 12, 25, NULL, 'Montserrat', '#000000', '#FFFFFF', 1, '21', NULL, 3, 10),
       (6, 12, 25, NULL, 'Montserrat', '#000000', '#FFFFFF', 1, '22', NULL, 11, 10),
       (7, 12, 25, NULL, 'Montserrat', '#000000', '#FFFFFF', 1, '23', NULL, 9, 10),
       (8, 12, 25, NULL, 'Oswald', '#000000', '#FFFFFF', NULL, '30', NULL, NULL, 10),
       (9, 12, 25, NULL, 'Montserrat', '#000000', '#FFFFFF', 1, '31', NULL, 2, 10),
       (10, 12, 25, NULL, 'Montserrat', '#000000', '#FFFFFF', 1, '32', NULL, 17, 10),
       (11, 12, 25, NULL, 'Montserrat', '#000000', '#FFFFFF', 1, '33', NULL, 4, 10),
       (12, 12, 25, NULL, 'Oswald', '#000000', '#FFFFFF', NULL, '40', NULL, NULL, 10),
       (13, 12, 25, NULL, 'Montserrat', '#000000', '#FFFFFF', 1, '41', NULL, 12, 10),
       (14, 12, 25, NULL, 'Montserrat', '#000000', '#FFFFFF', 1, '42', NULL, 13, 10),
       (15, 12, 25, NULL, 'Montserrat', '#000000', '#FFFFFF', 1, '43', NULL, 14, 10),
       (16, 12, 25, NULL, 'Montserrat', '#000000', '#FFFFFF', 1, '44', NULL, 18, 10),
       (17, 12, 25, NULL, 'Oswald', '#000000', '#FFFFFF', NULL, '50', NULL, NULL, 10),
       (18, 12, 25, NULL, 'Montserrat', '#000000', '#FFFFFF', 1, '51', NULL, 10, 10),
       (19, 12, 25, NULL, 'Montserrat', '#000000', '#FFFFFF', 1, '52', NULL, 7, 10),
       (20, 12, 25, NULL, 'Montserrat', '#000000', '#FFFFFF', 1, '53', NULL, NULL, 10),
       (21, 12, 25, NULL, 'Oswald', '#000000', '#FFFFFF', NULL, '60', NULL, 20, 10),
       (22, 12, 25, NULL, 'Montserrat', '#000000', '#FFFFFF', 1, '61', NULL, 20, 10),
       (23, 12, 25, NULL, 'Montserrat', '#000000', '#FFFFFF', 1, '62', NULL, 20, 10),
       (24, 12, 25, NULL, 'Montserrat', '#000000', '#FFFFFF', 1, '63', NULL, 20, 10),
       (25, 12, 25, NULL, 'Montserrat', '#000000', '#FFFFFF', 1, '64', NULL, 20, 10),
       (26, 12, 25, NULL, 'Montserrat', '#000000', '#FFFFFF', 1, '65', NULL, 20, 10),
       (27, 12, 25, NULL, 'Montserrat', '#000000', '#FFFFFF', 1, '66', NULL, 20, 10),
       (28, 12, 25, NULL, 'Montserrat', '#000000', '#FFFFFF', 1, '67', NULL, 20, 10),
       (29, 12, 25, NULL, 'Montserrat', '#000000', '#FFFFFF', 1, '68', NULL, 20, 10),
       (30, 12, 25, NULL, 'Montserrat', '#000000', '#FFFFFF', 1, '69', NULL, 20, 10),
       (31, 12, 25, NULL, 'Montserrat', '#000000', '#FFFFFF', 1, '610', NULL, 20, 10),
       (1,  13, 25, NULL, 'Oswald', '#000000', '#FFFFFF', NULL, '10', NULL, NULL, 10),
       (2,  13, 25, NULL, 'Montserrat', '#000000', '#FFFFFF', 1, '11', NULL, NULL, 10),
       (3,  13, 25, NULL, 'Montserrat', '#000000', '#FFFFFF', 1, '12', NULL, NULL, 10),
       (4, 13, 25, NULL, 'Oswald', '#000000', '#FFFFFF', NULL, '20', NULL, NULL, 10),
       (5, 13, 25, NULL, 'Montserrat', '#000000', '#FFFFFF', 1, '21', NULL, 3, 10),
       (6, 13, 25, NULL, 'Montserrat', '#000000', '#FFFFFF', 1, '22', NULL, 11, 10),
       (7, 13, 25, NULL, 'Montserrat', '#000000', '#FFFFFF', 1, '23', NULL, 9, 10),
       (8, 13, 25, NULL, 'Oswald', '#000000', '#FFFFFF', NULL, '30', NULL, NULL, 10),
       (9, 13, 25, NULL, 'Montserrat', '#000000', '#FFFFFF', 1, '31', NULL, 2, 10),
       (10, 13, 25, NULL, 'Montserrat', '#000000', '#FFFFFF', 1, '32', NULL, 17, 10),
       (11, 13, 25, NULL, 'Montserrat', '#000000', '#FFFFFF', 1, '33', NULL, 4, 10),
       (12, 13, 25, NULL, 'Oswald', '#000000', '#FFFFFF', NULL, '40', NULL, NULL, 10),
       (13, 13, 25, NULL, 'Montserrat', '#000000', '#FFFFFF', 1, '41', NULL, 12, 10),
       (14, 13, 25, NULL, 'Montserrat', '#000000', '#FFFFFF', 1, '42', NULL, 13, 10),
       (15, 13, 25, NULL, 'Montserrat', '#000000', '#FFFFFF', 1, '43', NULL, 14, 10),
       (16, 13, 25, NULL, 'Montserrat', '#000000', '#FFFFFF', 1, '44', NULL, 18, 10),
       (17, 13, 25, NULL, 'Oswald', '#000000', '#FFFFFF', NULL, '50', NULL, NULL, 10),
       (18, 13, 25, NULL, 'Montserrat', '#000000', '#FFFFFF', 1, '51', NULL, 10, 10),
       (19, 13, 25, NULL, 'Montserrat', '#000000', '#FFFFFF', 1, '52', NULL, 7, 10),
       (20, 13, 25, NULL, 'Montserrat', '#000000', '#FFFFFF', 1, '53', NULL, NULL, 10),
       (21, 13, 25, NULL, 'Oswald', '#000000', '#FFFFFF', NULL, '60', NULL, 20, 10),
       (22, 13, 25, NULL, 'Montserrat', '#000000', '#FFFFFF', 1, '61', NULL, 20, 10),
       (23, 13, 25, NULL, 'Montserrat', '#000000', '#FFFFFF', 1, '62', NULL, 20, 10),
       (24, 13, 25, NULL, 'Montserrat', '#000000', '#FFFFFF', 1, '63', NULL, 20, 10),
       (25, 13, 25, NULL, 'Montserrat', '#000000', '#FFFFFF', 1, '64', NULL, 20, 10),
       (26, 13, 25, NULL, 'Montserrat', '#000000', '#FFFFFF', 1, '65', NULL, 20, 10),
       (27, 13, 25, NULL, 'Montserrat', '#000000', '#FFFFFF', 1, '66', NULL, 20, 10),
       (28, 13, 25, NULL, 'Montserrat', '#000000', '#FFFFFF', 1, '67', NULL, 20, 10),
       (29, 13, 25, NULL, 'Montserrat', '#000000', '#FFFFFF', 1, '68', NULL, 20, 10),
       (30, 13, 25, NULL, 'Montserrat', '#000000', '#FFFFFF', 1, '69', NULL, 20, 10),
       (31, 13, 25, NULL, 'Montserrat', '#000000', '#FFFFFF', 1, '610', NULL, 20, 10);
       


INSERT IGNORE INTO LaisserTrace (id_personnel, horodatage, intitule, eval_texte, commentaire_texte, eval_audio,
                                 commentaire_audio, apprenti, id_fiche)
VALUES (2, '2023-03-17 12:30:00', 'Commentaire intervenant', 'Eval ipsum, ca s\'est bien passé',
        'Commentaire ipsum, ca s\'est bien passé', NULL, NULL, 0, 2),
       (2, '2023-05-20 07:12:01', 'Commentaire intervenant', 'Eval ipsum, ca s\'est plutot bien passé',
        'Commentaire ipsum, ca s\'est plutot bien passé', NULL, NULL, 0, 3),
       (2, '2023-08-21 14:34:01', 'Commentaire intervenant', 'Eval ipsum, ca s\'est assez bien passé',
        'Commentaire ipsum, ca s\'est assez bien passé', NULL, NULL, 0, 4),
       (2, '2023-12-17 01:01:01', 'Commentaire intervenant', 'Eval ipsum, ca s\'est quand meme bien passé',
        'Commentaire ipsum, ca s\'est quand meme bien passé', NULL, NULL, 0, 5),
       (2, '2023-03-17 12:30:00', 'Commentaire apprentis', 'Eval ipsum, ca s\'est bien passé',
        'Commentaire ipsum, ca s\'est bien passé', NULL, NULL, 1, 2),
       (2, '2023-05-20 07:13:01', 'Commentaire apprentis', 'Eval ipsum, ca s\'est plutot bien passé',
        'Commentaire ipsum, ca s\'est plutot bien passé', NULL, NULL, 1, 3),
       (2, '2023-08-21 14:35:01', 'Commentaire apprentis', 'Eval ipsum, ca s\'est assez bien passé',
        'Commentaire ipsum, ca s\'est assez bien passé', NULL, NULL, 1, 4),
       (2, '2023-12-17 01:02:01', 'Commentaire apprentis', 'Eval ipsum, ca s\'est quand meme bien passé',
        'Commentaire ipsum, ca s\'est quand meme bien passé', NULL, NULL, 1, 5),
       (3, '2023-03-17 12:30:00', 'Commentaire intervenant', 'Eval ipsum, ca s\'est bien passé',
        'Commentaire ipsum, ca s\'est bien passé', NULL, NULL, 0, 7),
       (3, '2023-05-20 07:12:01', 'Commentaire intervenant', 'Eval ipsum, ca s\'est plutot bien passé',
        'Commentaire ipsum, ca s\'est plutot bien passé', NULL, NULL, 0, 8),
       (4, '2023-08-21 14:34:01', 'Commentaire intervenant', 'Eval ipsum, ca s\'est assez bien passé',
        'Commentaire ipsum, ca s\'est assez bien passé', NULL, NULL, 0, 9),
       (4, '2023-12-17 01:01:01', 'Commentaire intervenant', 'Eval ipsum, ca s\'est quand meme bien passé',
        'Commentaire ipsum, ca s\'est quand meme bien passé', NULL, NULL, 0, 6),
       (3, '2023-03-17 12:31:00', 'Commentaire apprentis', 'Eval ipsum, ca s\'est bien passé',
        'Commentaire ipsum, ca s\'est bien passé', NULL, NULL, 1, 7),
       (3, '2023-05-20 07:13:01', 'Commentaire apprentis', 'Eval ipsum, ca s\'est plutot bien passé',
        'Commentaire ipsum, ca s\'est plutot bien passé', NULL, NULL, 1, 8),
       (4, '2023-08-21 14:35:01', 'Commentaire apprentis', 'Eval ipsum, ca s\'est assez bien passé',
        'Commentaire ipsum, ca s\'est assez bien passé', NULL, NULL, 1, 9),
       (4, '2023-12-17 01:02:01', 'Commentaire apprentis', 'Eval ipsum, ca s\'est quand meme bien passé',
        'Commentaire ipsum, ca s\'est quand meme bien passé', NULL, NULL, 1, 6),
       (4, '2023-03-17 12:31:00', 'Commentaire intervenant', 'Eval ipsum, ca s\'est bien passé',
        'Commentaire ipsum, ca s\'est bien passé', NULL, NULL, 0, 12),
       (4, '2023-05-20 07:12:01', 'Commentaire intervenant', 'Eval ipsum, ca s\'est plutot bien passé',
        'Commentaire ipsum, ca s\'est plutot bien passé', NULL, NULL, 0, 10),
       (3, '2023-08-21 14:34:01', 'Commentaire intervenant', 'Eval ipsum, ca s\'est assez bien passé',
        'Commentaire ipsum, ca s\'est assez bien passé', NULL, NULL, 0, 11),
       (3, '2023-12-17 01:01:01', 'Commentaire intervenant', 'Eval ipsum, ca s\'est quand meme bien passé',
        'Commentaire ipsum, ca s\'est quand meme bien passé', NULL, NULL, 0, 13),
       (4, '2023-03-17 12:31:00', 'Commentaire apprentis', 'Eval ipsum, ca s\'est bien passé',
        'Commentaire ipsum, ca s\'est bien passé', NULL, NULL, 1, 12),
       (4, '2023-05-20 07:13:01', 'Commentaire apprentis', 'Eval ipsum, ca s\'est plutot bien passé',
        'Commentaire ipsum, ca s\'est plutot bien passé', NULL, NULL, 1, 10),
       (3, '2023-08-21 14:35:01', 'Commentaire apprentis', 'Eval ipsum, ca s\'est assez bien passé',
        'Commentaire ipsum, ca s\'est assez bien passé', NULL, NULL, 1, 11),
       (3, '2023-12-17 01:02:03', 'Commentaire apprentis', 'Eval ipsum, ca s\'est quand meme bien passé',
        'Commentaire ipsum, ca s\'est quand meme bien passé', NULL, NULL, 1, 13);

