-- Active: 1706110255136@@127.0.0.1@3306@db_fiches_dev

USE db_fiches_dev;


CREATE TABLE Personnel
(
    id_personnel INT AUTO_INCREMENT,
    nom          VARCHAR(50) NOT NULL,
    prenom       VARCHAR(50) NOT NULL,
    login        VARCHAR(50) NOT NULL,
    mdp          TEXT        NOT NULL,
    role         VARCHAR(50) NOT NULL,
    email        VARCHAR(100),
    essais      INT         NOT NULL DEFAULT (0),
    archive      BOOLEAN     NOT NULL DEFAULT (0),
    PRIMARY KEY (id_personnel),
    CONSTRAINT ch_personnel_role CHECK (role IN
                                        ('SuperAdministrateur', 'Educateur Administrateur', 'Educateur', 'CIP', 'dummy')),
    CONSTRAINT ch_personnel_essais CHECK (Personnel.essais >= 0 AND Personnel.essais <= 3)
);

CREATE TABLE Apprenti
(
    id_apprenti INT AUTO_INCREMENT,
    nom         VARCHAR(50) NOT NULL,
    prenom      VARCHAR(50) NOT NULL,
    login       VARCHAR(50) NOT NULL,
    mdp         TEXT,
    photo       VARCHAR(100),
    essais     INT         NOT NULL DEFAULT (0),
    archive     BOOLEAN     NOT NULL DEFAULT (0),
    adaptation_situation_examen TEXT,
    PRIMARY KEY (id_apprenti),
    CONSTRAINT ch_apprenti_essais CHECK (Apprenti.essais >= 0 AND Apprenti.essais <= 5)
);

CREATE TABLE Formation
(
    id_formation  INT AUTO_INCREMENT,
    intitule      VARCHAR(50) NOT NULL,
    niveau_qualif SMALLINT    NOT NULL,
    groupe        VARCHAR(50),
    image         VARCHAR(100),
    archive       BOOLEAN     NOT NULL DEFAULT (0),
    PRIMARY KEY (id_formation)
);

CREATE TABLE Cours
(
    id_cours   INT AUTO_INCREMENT,
    theme        VARCHAR(50) NOT NULL,
    cours        VARCHAR(50) NOT NULL,
    duree        INT,
    id_formation INT         NOT NULL,
    archive      BOOLEAN     NOT NULL DEFAULT (0),
    PRIMARY KEY (id_cours),
    FOREIGN KEY (id_formation) REFERENCES Formation (id_formation)
);

CREATE TABLE EducAdmin
(
    id_personnel INT,
    PRIMARY KEY (id_personnel),
    FOREIGN KEY (id_personnel) REFERENCES Personnel (id_personnel)
);

CREATE TABLE Pictogramme
(
    id_pictogramme INT AUTO_INCREMENT,
    label          VARCHAR(50),
    url            VARCHAR(100),
    categorie      VARCHAR(50),
    souscategorie  VARCHAR(50),
    PRIMARY KEY (id_pictogramme)
);

CREATE TABLE ElementBase
(
    id_element   INT AUTO_INCREMENT,
    libelle      VARCHAR(50) NOT NULL,
    type         VARCHAR(50) NOT NULL,
    text         VARCHAR(50),
    audio        VARCHAR(100),
    PRIMARY KEY (id_element)
);

CREATE TABLE FicheIntervention
(
    id_fiche             INT AUTO_INCREMENT,
    numero               SMALLINT,
    nom_du_demandeur     VARCHAR(50),
    date_demande         DATE,
    localisation         VARCHAR(50),
    description_demande  TEXT,
    degre_urgence        TINYINT,
    couleur_intervention VARCHAR(50),
    etat_fiche           TINYINT,
    date_creation        DATETIME,
    photo_avant          VARCHAR(150),
    photo_apres          VARCHAR(150),
    nom_intervenant      VARCHAR(50) NOT NULL,
    prenom_intervenant   VARCHAR(50) NOT NULL,
    id_personnel         INT         NOT NULL,
    id_apprenti          INT         NOT NULL,
    id_cours         INT         NOT NULL,
    PRIMARY KEY (id_fiche),
    FOREIGN KEY (id_personnel) REFERENCES EducAdmin (id_personnel),
    FOREIGN KEY (id_apprenti) REFERENCES Apprenti (id_apprenti),
    FOREIGN KEY (id_cours) REFERENCES Cours (id_cours),
    CONSTRAINT ch_fiche_etat CHECK (FicheIntervention.etat_fiche >= 0 AND FicheIntervention.etat_fiche <= 2),
    CONSTRAINT ch_fiche_degre CHECK (FicheIntervention.degre_urgence >= 1 AND FicheIntervention.degre_urgence <= 4)
);

CREATE TABLE LaisserTrace
(
    id_personnel      INT,
    horodatage        DATETIME,
    intitule          VARCHAR(50) NOT NULL,
    eval_texte        TEXT        NOT NULL,
    commentaire_texte TEXT        NOT NULL,
    eval_audio        VARCHAR(255),
    commentaire_audio VARCHAR(50),
    apprenti          BOOLEAN,
    id_fiche          INT         NOT NULL,
    PRIMARY KEY (id_personnel, horodatage),
    FOREIGN KEY (id_personnel) REFERENCES Personnel (id_personnel),
    FOREIGN KEY (id_fiche) REFERENCES FicheIntervention (id_fiche),
    CONSTRAINT uc_commentaire_fiche UNIQUE (id_fiche, apprenti)

);



CREATE TABLE Assister
(
    id_apprenti INT,
    id_cours  INT,
    PRIMARY KEY (id_apprenti, id_cours),
    FOREIGN KEY (id_apprenti) REFERENCES Apprenti (id_apprenti),
    FOREIGN KEY (id_cours) REFERENCES Cours (id_cours)
);


CREATE TABLE Materiel
(
    id_materiel INT AUTO_INCREMENT,
    nom         VARCHAR(50) NOT NULL,
    categorie   VARCHAR(50) NOT NULL,
    lien       VARCHAR(100) NOT NULL,
    PRIMARY KEY (id_materiel)
);

CREATE TABLE ComposerPresentation
(
    id_element          INT,
    id_fiche            INT,
    text                VARCHAR(50),
    taille_texte        VARCHAR(50),
    audio               VARCHAR(50),
    police              VARCHAR(50),
    couleur             VARCHAR(7),
    couleur_fond        VARCHAR(7),
    niveau              TINYINT,
    position_elem       VARCHAR(50),
    ordre_saisie_focus  VARCHAR(50),
    id_pictogramme      INT,
    taille_pictogramme  INT,
    couleur_pictogramme VARCHAR(7),
    id_materiel         INT,
    PRIMARY KEY (id_element, id_fiche),
    FOREIGN KEY (id_element) REFERENCES ElementBase (id_element),
    FOREIGN KEY (id_fiche) REFERENCES FicheIntervention (id_fiche),
    FOREIGN KEY (id_pictogramme) REFERENCES Pictogramme (id_pictogramme)
);


INSERT INTO Personnel (nom, prenom, login, mdp, role, email, essais)
VALUES ('Supprimé', 'Utilisateur', 'dummy', 'dummy', 'dummy', NULL, 3),
       ('Dupont', 'Jean', 'JED10',
        '$2b$13$ZV3TQXG81BSnNEDFdSmSp.HnkMVeDlHSRXpT3wc73.OEoQ2v.4ONS',
        'SuperAdministrateur', 'mail@mail.com', 0),
       ('Lamar', 'Allain', 'ALL11',
        '$2b$13$iZbA5.LcL1xk3mJPrHAkleUUA3mpJL4qVVx6QAtY/27rQcgfykqIK',
        'Educateur Administrateur', 'mail@mail.com', 0),
       ('DitCharo', 'Mathieu', 'MAD14',
        '$2b$13$qx/vpW2UGd7WX5TfQccG7OlmLJY3yoovQCCtsXdgBt6AUKfgiViLm',
        'Educateur Administrateur', 'mail@mail.com', 0),
       ('Oskour', 'Jeanne', 'JEO12',
        '$2b$13$CBmITY.klnnQXantXrxUMe/POiakdHrtVs9nGyTKyNbDIeaORZZgi',
        'Educateur', 'mail@mail.com', 3),
       ('Curry', 'Marie', 'MAC10',
        '$2b$13$iQ02IBiYezdhtsJBvcBOG.c387n8Ai0zMEOTn3pkwTKyByPt.I1/e',
        'Educateur', 'mail@mail.com', 0),
       ('Barre', 'Lenny', 'LEB08',
        '$2b$13$BwSIt5pl0ajG7jJyulS4vOrISmLkiJ3t9knOhTXvLBFDIPdtLvB0q',
        'Educateur', 'mail@mail.com', 0),
       ('Zirot', 'Benoit', 'BEZ11',
        '$2b$13$o6QOfjSOT5W4mjUPEkia1OeMPKY0o0iIV3HSuwuBsa743GHXJhITq',
        'Educateur', 'mail@mail.com', 0),
       ('Rouselle', 'Fabienne', 'FAR16',
        '$2b$13$.tZSIt3z9JvQaA9Gt/iWgu1rdPO6znUgKbxmuQvXJmRoQGL4NbZjG',
        'CIP', 'mail@mail.com', 0);



INSERT INTO Apprenti (nom, prenom, mdp, login, photo, essais, adaptation_situation_examen)
VALUES ('dummy', 'dummy', 'dummy', 'dummy', 'dummy', 0, null),
       ('Jacquard', 'Davy',
        '$2b$13$CmhJy5FUDujfBGZqigN3uuGmDd5pLZBHY1cUxFyXO7zMf7zOEQU9y',
        'DAJ12', 'photo_profile/chanteur.png', 0, 'Commentaire de la CIP pour DAJ12'),
       ('Guilbert', 'Ange',
        '$2b$13$gT3r/VI/Aj4uKaKFp6XngeQxG4Jn0G.16r2fog3C376YxemNnTn8S',
        'ANG12', 'photo_profile/chirurgien.png', 0, null),
       ('Poussin', 'Christian',
        '$2b$13$MS.1zlUo1Bg6ZD36Vim3ZeDtpN6jRM.OJL1ORWwS8pCKCIT6klwnW',
        'CHP14', 'photo_profile/hippie.png', 5, 'Commentaire de la CIP pour CHP14'),
       ('Trouvé', 'Éloi',
        '$2b$15$0dBjtHQfz.7ywl0MQQuRsuuUmuViyL0yhm62fTZS9IssfC42.hwIG',
        'ELT10', 'photo_profile/marin.png', 0, 'Commentaire de la CIP pour ELT10'),
       ('Cordonnier', 'Danny',
        '$2b$13$dRUZ3bHGwXJElbe8mKmH0OhYAMazlsFE4W/gYs5r/q6afcmJtzjBS',
        'DAC15', 'photo_profile/medecin.png', 5, null),
       ('Massé', 'Xavier',
        '$2b$15$M/ZfpM/S/jnwSQ0ZVCXq2e8WigNP.R02uR53O8pc2OsqrrN6mk4u.',
        'XAM11', 'photo_profile/pilote.png', 0, 'Commentaire de la CIP pour XAM11'),
       ('Meissa', 'Abdelkhader',
        '$2b$13$cjnp9R9dx0eTzLzQvBUIyepwAp7x/PSWSx8hpqjWgTafDfigcL5SO',
        'ABM17', 'photo_profile/plongueur.png', 0, null);

INSERT INTO EducAdmin (id_personnel)
VALUES (1),
       (3),
       (4);

INSERT INTO Formation (intitule, niveau_qualif, groupe, image)
VALUES ('Parcours plomberie', 3, 1, 'formation_image/plomberie.jpg'),
       ('Parcours maintenance bâtiment', 3, 2, 'formation_image/maintenance_batiment.jpg');

INSERT INTO Cours (theme, cours, duree, id_formation)
VALUES ('Probleme tuyauterie', 'Colmater fuite', 3, 1),
       ('Probleme tuyauterie', 'Remplacer tuyau rouillé', 4, 1),
       ('Probleme tuyauterie', 'Remplacer Joint', 2, 1),
       ('Changement Local', 'Demontage cuvette', 5, 1),
       ('Serrurier', 'Forcer serrure', 6, 2),
       ('Serrurier', 'Demonter serrure', 3, 2),
       ('Electrique', 'Remplacer tube néon', 3, 2);

INSERT INTO Assister (id_apprenti, id_cours)
VALUES (2, 1),
       (2, 2),
       (2, 3),
       (2, 4),
       (3, 1),
       (3, 2),
       (3, 3),
       (3, 4),
       (4, 1),
       (4, 2),
       (4, 3),
       (4, 4),
       (5, 1),
       (5, 2),
       (5, 3),
       (5, 4),
       (6, 5),
       (6, 6),
       (6, 7),
       (7, 5),
       (7, 6),
       (7, 7),
       (8, 5),
       (8, 6),
       (8, 7);

INSERT INTO ElementBase (libelle, type, text, audio)
VALUES ('Intervention', 'categorie', NULL, NULL),
       ('Date de l\'intervention', 'date', NULL, NULL),
       ('Durée de l\'opération', 'select-time', NULL, NULL),
       ('Confirmation des informations', 'checkbox', NULL, NULL),
       ('Type de Maintenance', 'categorie', NULL, NULL),
       ('améliorative', 'checkbox', NULL, NULL),
       ('préventive', 'checkbox', NULL, NULL),
       ('corrective', 'checkbox', NULL, NULL),
       ('Nature de l\'intervention', 'categorie', NULL, NULL),
       ('Aménagement', 'checkbox', NULL, NULL),
       ('Finitions', 'checkbox', NULL, NULL),
       ('Installation sanitaire', 'checkbox', NULL, NULL),
       ('Installation électrique', 'checkbox', NULL, NULL),
       ('Description du travail', 'categorie', NULL, NULL),
       ('Travaux réalisés', 'textarea', NULL, NULL),
       ('Travaux non réalisé', 'textarea', NULL, NULL),
       ('Nécessite une nouvelle intervention', 'checkbox', NULL, NULL),
       ('Matériaux utilisés', 'categorie', NULL, NULL),
       ('Materiel 1', 'select-materiel', NULL, NULL),
       ('Materiel 2', 'select-materiel', NULL, NULL),
       ('Materiel 3', 'select-materiel', NULL, NULL),
       ('Materiel 4', 'select-materiel', NULL, NULL),
       ('Materiel 5', 'select-materiel', NULL, NULL),
       ('Materiel 6', 'select-materiel', NULL, NULL),
       ('Materiel 7', 'select-materiel', NULL, NULL),
       ('Materiel 8', 'select-materiel', NULL, NULL),
       ('Materiel 9', 'select-materiel', NULL, NULL),
       ('Materiel 10', 'select-materiel', NULL, NULL),
       ('Ressenti','categorie',NULL,NULL),
       ('Très mauvais','radio',NULL,NULL),
       ('Mauvais','radio',NULL,NULL),
       ('Moyen','radio',NULL,NULL),
       ('Assez bien','radio',NULL,NULL),
       ('Bien','radio',NULL,NULL);

INSERT INTO FicheIntervention (id_fiche, numero, nom_du_demandeur, date_demande, localisation, description_demande,
                               degre_urgence, couleur_intervention, etat_fiche, date_creation, id_personnel,
                               id_apprenti, nom_intervenant, prenom_intervenant, id_cours)
VALUES (1, 0, 'dummy', '1990-01-01', 'dummy', 'dummy', 4, 'vert', 0, '1999-01-01 01:01:01', 3, 1, 'Daniel', 'Bernard', 1),
       (2, 1, 'Mermaid Corp', '2023-11-03', 'Espace Lingerie', 'Lorem Ipsum 1', 3, 'jaune', 0, '2023-11-03 12:30:00', 3,
        2, 'Daniel', 'Bernard', 1),
       (3, 1, 'CROUS', '2023-11-05', 'Batiment A', 'Lorem Ipsum 2', 2, 'orange', 0, '2023-10-05 07:12:01', 3, 3,
        'Daniel', 'Bernard', 1),
       (4, 1, 'La Region', '2023-05-08', 'Ecole ST Maurice', 'Lorem Ipsum 3', 1, 'rouge', 0, '2023-05-08 14:34:01', 4,
        4, 'Daniel', 'Bernard', 1),
       (5, 1, 'Epicier', '2023-05-26', 'Arriere boutique', 'Lorem Ipsum 4', 3, 'jaune', 2, '2023-05-24 01:01:01', 4, 5,
        'Daniel', 'Bernard', 1),
       (6, 2, 'Mermaid Corp', '2023-11-03', 'Espace Lingerie', 'Lorem Ipsum 1', 3, 'jaune', 1, '2023-11-03 12:30:00', 3,
        5, 'Daniel', 'Bernard', 1),
       (7, 2, 'CROUS', '2023-11-05', 'Batiment A', 'Lorem Ipsum 2', 2, 'orange', 1, '2023-10-05 07:12:01', 3, 2,
        'Daniel', 'Bernard', 2),
       (8, 2, 'La Region', '2023-05-08', 'Ecole ST Maurice', 'Lorem Ipsum 3', 1, 'rouge', 1, '2023-05-08 14:34:01', 4,
        3, 'Daniel', 'Bernard', 2),
       (9, 2, 'Epicier', '2023-05-26', 'Arriere boutique', 'Lorem Ipsum 4', 3, 'jaune', 1, '2023-05-24 01:01:01', 4, 4,
        'Daniel', 'Bernard', 2),
       (10, 3, 'Mermaid Corp', '2023-11-03', 'Espace Lingerie', 'Lorem Ipsum 1', 3, 'jaune', 1, '2023-11-03 12:30:00',
        3, 4, 'Daniel', 'Bernard', 2),
       (11, 3, 'CROUS', '2023-11-05', 'Batiment A', 'Lorem Ipsum 2', 2, 'orange', 1, '2023-10-05 07:12:01', 3, 5,
        'Daniel', 'Bernard', 2),
       (12, 3, 'La Region', '2023-05-08', 'Ecole ST Maurice', 'Lorem Ipsum 3', 1, 'rouge', 1, '2023-05-08 14:34:01', 4,
        2, 'Daniel', 'Bernard', 3),
       (13, 3, 'Epicier', '2023-05-26', 'Arriere boutique', 'Lorem Ipsum 4', 3, 'jaune', 1, '2023-05-24 01:01:01', 4,
        3, 'Daniel', 'Bernard', 2);

INSERT INTO Pictogramme (label, url, categorie, souscategorie)
VALUES ('Ajouter', 'ajouter.png', 'Matériaux utilisés', 'ajouter'),
       ('Ameliorative', 'amelioratif.png', 'Type de Maintenance', 'ameliorative'),
       ('Calendrier', 'calendrier.png', 'Intervention', 'calendrier'),
       ('Corrective', 'corrective.png', 'Type de Maintenance', 'corrective'),
       ('Demande', 'demande.png', 'Autre', NULL),
       ('Eclair', 'eclair.png', 'Autre', NULL),
       ('Sablier', 'en-cours.png', 'Description du travail', 'non réalisés'),
       ('Annuler', 'annuler.png', 'Autre', NULL),
       ('Fini', 'fini.png', 'Intervention', 'fini'),
       ('Finis', 'finis.png', 'Description du travail', 'réalisés'),
       ('Horloge', 'horloge.png', 'Intervention', 'horloge'),
       ('Ammenagement', 'ammenagement.png', 'Nature Intervention', 'ammenagement'),
       ('Finitions', 'finitions.png', 'Nature Intervention', 'finitions'),
       ('Sanitaires', 'sanitaires.png', 'Nature Intervention', 'sanitaires'),
       ('Lieu', 'lieu.png', 'Autre', NULL),
       ('Modifier', 'modifier.png', 'Autre', NULL),
       ('Preventive', 'preventive.png', 'Type de Maintenance', 'preventive'),
       ('Prise', 'prise.png', 'Nature Intervention', 'electrique'),
       ('Valider', 'valider.png', 'Autre', NULL),
       ('Materiel', 'materiel.png', 'Matériaux utilisés', 'choix materiel'),
       ('Nouvelle', 'nouvelle.png', 'Description du travail', 'nouvelle'),
       ('Bien','bien.png','Ressenti','tres bien'),
       ('Assez bien','assez_bien.png','Ressenti','bien'),
       ('Moyen','moyen.png','Ressenti','assez bien'),
       ('Mauvais','mauvais.png','Ressenti','moyen'),
       ('Très mauvais','tres_mauvais.png','Ressenti','pas bien');


INSERT INTO ComposerPresentation (id_element, id_fiche, taille_texte, audio, police, couleur, couleur_fond,
                                  niveau, position_elem, ordre_saisie_focus, id_pictogramme, taille_pictogramme,
                                  couleur_pictogramme, id_materiel)
VALUES (1, 1, 20, NULL, 'Montserrat', '#000000', '#FFFFFF', NULL, '10', NULL, NULL, 10, '#000000', NULL),
       (2, 1, 20, NULL, 'Montserrat', '#000000', NULL, 1, '11', NULL, 3, 10, '#000000', NULL),
       (3, 1, 20, NULL, 'Montserrat', '#000000', NULL, 1, '12', NULL, 11, 10, '#000000', NULL),
       (4, 1, 20, NULL, 'Montserrat', '#000000', NULL, 1, '13', NULL, 9, 10, '#000000', NULL),
       (5, 1, 20, NULL, 'Montserrat', '#000000', '#FFFFFF', NULL, '20', NULL, NULL, 10, '#000000', NULL),
       (6, 1, 20, NULL, 'Montserrat', '#000000', NULL, 1, '21', NULL, 2, 10, '#000000', NULL),
       (7, 1, 20, NULL, 'Montserrat', '#000000', NULL, 1, '22', NULL, 17, 10, '#000000', NULL),
       (8, 1, 20, NULL, 'Montserrat', '#000000', NULL, 1, '23', NULL, 4, 10, '#000000', NULL),
       (9, 1, 20, NULL, 'Montserrat', '#000000', '#FFFFFF', NULL, '30', NULL, NULL, 10, '#000000', NULL),
       (10, 1, 20, NULL, 'Montserrat', '#000000', NULL, 1, '31', NULL, 12, 10, '#000000', NULL),
       (11, 1, 20, NULL, 'Montserrat', '#000000', NULL, 1, '32', NULL, 13, 10, '#000000', NULL),
       (12, 1, 20, NULL, 'Montserrat', '#000000', NULL, 1, '33', NULL, 14, 10, '#000000', NULL),
       (13, 1, 20, NULL, 'Montserrat', '#000000', NULL, 1, '34', NULL, 18, 10, '#000000', NULL),
       (14, 1, 20, NULL, 'Montserrat', '#000000', '#FFFFFF', 1, '40', NULL, NULL, 10, '#000000', NULL),
       (15, 1, 20, NULL, 'Montserrat', '#000000', NULL, 1, '41', NULL, 10, 10, '#000000', NULL),
       (16, 1, 20, NULL, 'Montserrat', '#000000', NULL, 1, '42', NULL, 7, 10, '#000000', NULL),
       (17, 1, 20, NULL, 'Montserrat', '#000000', NULL, 1, '43', NULL, 21, 10, '#000000', NULL),
       (18, 1, 20, NULL, 'Montserrat', '#000000', '#FFFFFF', NULL, '50', NULL, 20, 10, '#000000', NULL),
       (19, 1, 20, NULL, 'Montserrat', '#000000', NULL, 1, '51', NULL, 20, 10, '#000000', 1),
       (20, 1, 20, NULL, 'Montserrat', '#000000', NULL, 1, '52', NULL, 20, 10, '#000000', 2),
       (21, 1, 20, NULL, 'Montserrat', '#000000', NULL, 1, '53', NULL, 20, 10, '#000000', 3),
       (22, 1, 20, NULL, 'Montserrat', '#000000', NULL, 1, '54', NULL, 20, 10, '#000000', 3),
       (23, 1, 20, NULL, 'Montserrat', '#000000', NULL, 1, '55', NULL, 20, 10, '#000000', 1),
       (24, 1, 20, NULL, 'Montserrat', '#000000', NULL, 1, '56', NULL, 20, 10, '#000000', 1),
       (25, 1, 20, NULL, 'Montserrat', '#000000', NULL, 1, '57', NULL, 20, 10, '#000000', 1),
       (26, 1, 20, NULL, 'Montserrat', '#000000', NULL, 1, '58', NULL, 20, 10, '#000000', 1),
       (27, 1, 20, NULL, 'Montserrat', '#000000', NULL, 1, '59', NULL, 20, 10, '#000000', 1),
       (28, 1, 20, NULL, 'Montserrat', '#000000', NULL, 1, '510', NULL, 20, 10, '#000000', 1),
       (29, 1, 20, NULL, 'Montserrat', '#000000', '#FFFFFF', NULL, '60', NULL, 20, 10, '#000000', NULL),
       (30, 1, 20, NULL, 'Montserrat', '#000000', NULL, 1, '61', NULL, 26, 10, '#000000', NULL),
       (31, 1, 20, NULL, 'Montserrat', '#000000', NULL, 1, '62', NULL, 25, 10, '#000000', NULL),
       (32, 1, 20, NULL, 'Montserrat', '#000000', NULL, 1, '63', NULL, 24, 10, '#000000', NULL),
       (33, 1, 20, NULL, 'Montserrat', '#000000', NULL, 1, '64', NULL, 23, 10, '#000000', NULL),
       (34, 1, 20, NULL, 'Montserrat', '#000000', NULL, 1, '65', NULL, 22, 10, '#000000', NULL),
       (1, 2, 20, NULL, 'Montserrat', '#000000', '#FFFFFF', NULL, '10', NULL, NULL, 10, '#000000', NULL),
       (2, 2, 20, NULL, 'Montserrat', '#000000', NULL, 1, '11', NULL, 3, 10, '#000000', NULL),
       (3, 2, 20, NULL, 'Montserrat', '#000000', NULL, 1, '12', NULL, 11, 10, '#000000', NULL),
       (4, 2, 20, NULL, 'Montserrat', '#000000', NULL, 1, '13', NULL, 9, 10, '#000000', NULL),
       (5, 2, 20, NULL, 'Montserrat', '#000000', '#FFFFFF', NULL, '20', NULL, NULL, 10, '#000000', NULL),
       (6, 2, 20, NULL, 'Montserrat', '#000000', NULL, 1, '21', NULL, 2, 10, '#000000', NULL),
       (7, 2, 20, NULL, 'Montserrat', '#000000', NULL, 1, '22', NULL, 17, 10, '#000000', NULL),
       (8, 2, 20, NULL, 'Montserrat', '#000000', NULL, 1, '23', NULL, 4, 10, '#000000', NULL),
       (9, 2, 20, NULL, 'Montserrat', '#000000', '#FFFFFF', NULL, '30', NULL, NULL, 10, '#000000', NULL),
       (10, 2, 20, NULL, 'Montserrat', '#000000', NULL, 1, '31', NULL, 12, 10, '#000000', NULL),
       (11, 2, 20, NULL, 'Montserrat', '#000000', NULL, 1, '32', NULL, 13, 10, '#000000', NULL),
       (12, 2, 20, NULL, 'Montserrat', '#000000', NULL, 1, '33', NULL, 14, 10, '#000000', NULL),
       (13, 2, 20, NULL, 'Montserrat', '#000000', NULL, 1, '34', NULL, 18, 10, '#000000', NULL),
       (14, 2, 20, NULL, 'Montserrat', '#000000', '#FFFFFF', 1, '40', NULL, NULL, 10, '#000000', NULL),
       (15, 2, 20, NULL, 'Montserrat', '#000000', NULL, 1, '41', NULL, 10, 10, '#000000', NULL),
       (16, 2, 20, NULL, 'Montserrat', '#000000', NULL, 1, '42', NULL, 7, 10, '#000000', NULL),
       (17, 2, 20, NULL, 'Montserrat', '#000000', NULL, 1, '43', NULL, 21, 10, '#000000', NULL),
       (18, 2, 20, NULL, 'Montserrat', '#000000', '#FFFFFF', NULL, '50', NULL, 20, 10, '#000000', NULL),
       (19, 2, 20, NULL, 'Montserrat', '#000000', NULL, 1, '51', NULL, 20, 10, '#000000', NULL),
       (20, 2, 20, NULL, 'Montserrat', '#000000', NULL, 1, '52', NULL, 20, 10, '#000000', NULL),
       (21, 2, 20, NULL, 'Montserrat', '#000000', NULL, 1, '53', NULL, 20, 10, '#000000', NULL),
       (22, 2, 20, NULL, 'Montserrat', '#000000', NULL, 1, '54', NULL, 20, 10, '#000000', NULL),
       (23, 2, 20, NULL, 'Montserrat', '#000000', NULL, 1, '55', NULL, 20, 10, '#000000', NULL),
       (24, 2, 20, NULL, 'Montserrat', '#000000', NULL, 1, '56', NULL, 20, 10, '#000000', NULL),
       (25, 2, 20, NULL, 'Montserrat', '#000000', NULL, 1, '57', NULL, 20, 10, '#000000', NULL),
       (26, 2, 20, NULL, 'Montserrat', '#000000', NULL, 1, '58', NULL, 20, 10, '#000000', NULL),
       (27, 2, 20, NULL, 'Montserrat', '#000000', NULL, 1, '59', NULL, 20, 10, '#000000', NULL),
       (28, 2, 20, NULL, 'Montserrat', '#000000', NULL, 1, '510', NULL, 20, 10, '#000000', NULL),
       (29, 2, 20, NULL, 'Montserrat', '#000000', '#FFFFFF', NULL, '60', NULL, 20, 10, '#000000', NULL),
       (30, 2, 20, NULL, 'Montserrat', '#000000', NULL, NULL, '61', NULL, 26, 10, '#000000', NULL),
       (31, 2, 20, NULL, 'Montserrat', '#000000', NULL, NULL, '62', NULL, 25, 10, '#000000', NULL),
       (32, 2, 20, NULL, 'Montserrat', '#000000', NULL, NULL, '63', NULL, 24, 10, '#000000', NULL),
       (33, 2, 20, NULL, 'Montserrat', '#000000', NULL, NULL, '64', NULL, 23, 10, '#000000', NULL),
       (34, 2, 20, NULL, 'Montserrat', '#000000', NULL, NULL, '65', NULL, 22, 10, '#000000', NULL),
       (1, 3, 20, NULL, 'Montserrat', '#000000', '#FFFFFF', NULL, '10', NULL, NULL, 10, '#000000', NULL),
       (2, 3, 20, NULL, 'Montserrat', '#000000', NULL, 1, '11', NULL, 3, 10, '#000000', NULL),
       (3, 3, 20, NULL, 'Montserrat', '#000000', NULL, 1, '12', NULL, 11, 10, '#000000', NULL),
       (4, 3, 20, NULL, 'Montserrat', '#000000', NULL, 1, '13', NULL, 9, 10, '#000000', NULL),
       (5, 3, 20, NULL, 'Montserrat', '#000000', '#FFFFFF', NULL, '20', NULL, NULL, 10, '#000000', NULL),
       (6, 3, 20, NULL, 'Montserrat', '#000000', NULL, 1, '21', NULL, 2, 10, '#000000', NULL),
       (7, 3, 20, NULL, 'Montserrat', '#000000', NULL, 1, '22', NULL, 17, 10, '#000000', NULL),
       (8, 3, 20, NULL, 'Montserrat', '#000000', NULL, 1, '23', NULL, 4, 10, '#000000', NULL),
       (9, 3, 20, NULL, 'Montserrat', '#000000', '#FFFFFF', NULL, '30', NULL, NULL, 10, '#000000', NULL),
       (10, 3, 20, NULL, 'Montserrat', '#000000', NULL, 1, '31', NULL, 12, 10, '#000000', NULL),
       (11, 3, 20, NULL, 'Montserrat', '#000000', NULL, 1, '32', NULL, 13, 10, '#000000', NULL),
       (12, 3, 20, NULL, 'Montserrat', '#000000', NULL, 1, '33', NULL, 14, 10, '#000000', NULL),
       (13, 3, 20, NULL, 'Montserrat', '#000000', NULL, 1, '34', NULL, 18, 10, '#000000', NULL),
       (14, 3, 20, NULL, 'Montserrat', '#000000', '#FFFFFF', 1, '40', NULL, NULL, 10, '#000000', NULL),
       (15, 3, 20, NULL, 'Montserrat', '#000000', NULL, 1, '41', NULL, 10, 10, '#000000', NULL),
       (16, 3, 20, NULL, 'Montserrat', '#000000', NULL, 1, '42', NULL, 7, 10, '#000000', NULL),
       (17, 3, 20, NULL, 'Montserrat', '#000000', NULL, 1, '43', NULL, 21, 10, '#000000', NULL),
       (18, 3, 20, NULL, 'Montserrat', '#000000', '#FFFFFF', NULL, '50', NULL, 20, 10, '#000000', NULL),
       (19, 3, 20, NULL, 'Montserrat', '#000000', NULL, 1, '51', NULL, 20, 10, '#000000', 6),
       (20, 3, 20, NULL, 'Montserrat', '#000000', NULL, 1, '52', NULL, 20, 10, '#000000', 4),
       (21, 3, 20, NULL, 'Montserrat', '#000000', NULL, 1, '53', NULL, 20, 10, '#000000', 5),
       (22, 3, 20, NULL, 'Montserrat', '#000000', NULL, 1, '54', NULL, 20, 10, '#000000', 6),
       (23, 3, 20, NULL, 'Montserrat', '#000000', NULL, 1, '55', NULL, 20, 10, '#000000', 5),
       (24, 3, 20, NULL, 'Montserrat', '#000000', NULL, 1, '56', NULL, 20, 10, '#000000', 4),
       (25, 3, 20, NULL, 'Montserrat', '#000000', NULL, 1, '57', NULL, 20, 10, '#000000', 5),
       (26, 3, 20, NULL, 'Montserrat', '#000000', NULL, 1, '58', NULL, 20, 10, '#000000', 5),
       (27, 3, 20, NULL, 'Montserrat', '#000000', NULL, 1, '59', NULL, 20, 10, '#000000', 5),
       (28, 3, 20, NULL, 'Montserrat', '#000000', NULL, 1, '510', NULL, 20, 10, '#000000', 5),
       (29, 3, 20, NULL, 'Montserrat', '#000000', '#FFFFFF', NULL, '60', NULL, 20, 10, '#000000', NULL),
       (30, 3, 20, NULL, 'Montserrat', '#000000', NULL, 1, '61', NULL, 26, 10, '#000000', NULL),
       (31, 3, 20, NULL, 'Montserrat', '#000000', NULL, 1, '62', NULL, 25, 10, '#000000', NULL),
       (32, 3, 20, NULL, 'Montserrat', '#000000', NULL, 1, '63', NULL, 24, 10, '#000000', NULL),
       (33, 3, 20, NULL, 'Montserrat', '#000000', NULL, 1, '64', NULL, 23, 10, '#000000', NULL),
       (34, 3, 20, NULL, 'Montserrat', '#000000', NULL, 1, '65', NULL, 22, 10, '#000000', NULL),
       (1, 4, 20, NULL, 'Montserrat', '#000000', '#FFFFFF', NULL, '10', NULL, NULL, 10, '#000000', NULL),
       (2, 4, 20, NULL, 'Montserrat', '#000000', NULL, 1, '11', NULL, 3, 10, '#000000', NULL),
       (3, 4, 20, NULL, 'Montserrat', '#000000', NULL, 1, '12', NULL, 11, 10, '#000000', NULL),
       (4, 4, 20, NULL, 'Montserrat', '#000000', NULL, 1, '13', NULL, 9, 10, '#000000', NULL),
       (5, 4, 20, NULL, 'Montserrat', '#000000', '#FFFFFF', NULL, '20', NULL, NULL, 10, '#000000', NULL),
       (6, 4, 20, NULL, 'Montserrat', '#000000', NULL, 1, '21', NULL, 2, 10, '#000000', NULL),
       (7, 4, 20, NULL, 'Montserrat', '#000000', NULL, 1, '22', NULL, 17, 10, '#000000', NULL),
       (8, 4, 20, NULL, 'Montserrat', '#000000', NULL, 1, '23', NULL, 4, 10, '#000000', NULL),
       (9, 4, 20, NULL, 'Montserrat', '#000000', '#FFFFFF', NULL, '30', NULL, NULL, 10, '#000000', NULL),
       (10, 4, 20, NULL, 'Montserrat', '#000000', NULL, 1, '31', NULL, 12, 10, '#000000', NULL),
       (11, 4, 20, NULL, 'Montserrat', '#000000', NULL, 1, '32', NULL, 13, 10, '#000000', NULL),
       (12, 4, 20, NULL, 'Montserrat', '#000000', NULL, 1, '33', NULL, 14, 10, '#000000', NULL),
       (13, 4, 20, NULL, 'Montserrat', '#000000', NULL, 1, '34', NULL, 18, 10, '#000000', NULL),
       (14, 4, 20, NULL, 'Montserrat', '#000000', '#FFFFFF', 1, '40', NULL, NULL, 10, '#000000', NULL),
       (15, 4, 20, NULL, 'Montserrat', '#000000', NULL, 1, '41', NULL, 10, 10, '#000000', NULL),
       (16, 4, 20, NULL, 'Montserrat', '#000000', NULL, 1, '42', NULL, 7, 10, '#000000', NULL),
       (17, 4, 20, NULL, 'Montserrat', '#000000', NULL, 1, '43', NULL, 21, 10, '#000000', NULL),
       (18, 4, 20, NULL, 'Montserrat', '#000000', '#FFFFFF', NULL, '50', NULL, 20, 10, '#000000', NULL),
       (19, 4, 20, NULL, 'Montserrat', '#000000', NULL, 1, '51', NULL, 20, 10, '#000000', 3),
       (20, 4, 20, NULL, 'Montserrat', '#000000', NULL, 1, '52', NULL, 20, 10, '#000000', 3),
       (21, 4, 20, NULL, 'Montserrat', '#000000', NULL, 1, '53', NULL, 20, 10, '#000000', 2),
       (22, 4, 20, NULL, 'Montserrat', '#000000', NULL, 1, '54', NULL, 20, 10, '#000000', 2),
       (23, 4, 20, NULL, 'Montserrat', '#000000', NULL, 1, '55', NULL, 20, 10, '#000000', 2),
       (24, 4, 20, NULL, 'Montserrat', '#000000', NULL, 1, '56', NULL, 20, 10, '#000000', 3),
       (25, 4, 20, NULL, 'Montserrat', '#000000', NULL, 1, '57', NULL, 20, 10, '#000000', 4),
       (26, 4, 20, NULL, 'Montserrat', '#000000', NULL, 1, '58', NULL, 20, 10, '#000000', 5),
       (27, 4, 20, NULL, 'Montserrat', '#000000', NULL, 1, '59', NULL, 20, 10, '#000000', 3),
       (28, 4, 20, NULL, 'Montserrat', '#000000', NULL, 1, '510', NULL, 20, 10, '#000000', 3),
       (29, 4, 20, NULL, 'Montserrat', '#000000', '#FFFFFF', NULL, '60', NULL, 20, 10, '#000000', NULL),
       (30, 4, 20, NULL, 'Montserrat', '#000000', NULL, 1, '61', NULL, 26, 10, '#000000', NULL),
       (31, 4, 20, NULL, 'Montserrat', '#000000', NULL, 1, '62', NULL, 25, 10, '#000000', NULL),
       (32, 4, 20, NULL, 'Montserrat', '#000000', NULL, 1, '63', NULL, 24, 10, '#000000', NULL),
       (33, 4, 20, NULL, 'Montserrat', '#000000', NULL, 1, '64', NULL, 23, 10, '#000000', NULL),
       (34, 4, 20, NULL, 'Montserrat', '#000000', NULL, 1, '65', NULL, 22, 10, '#000000', NULL),
       (1, 5, 20, NULL, 'Montserrat', '#000000', '#FFFFFF', NULL, '10', NULL, NULL, 10, '#000000', NULL),
       (2, 5, 20, NULL, 'Montserrat', '#000000', NULL, 1, '11', NULL, 3, 10, '#000000', NULL),
       (3, 5, 20, NULL, 'Montserrat', '#000000', NULL, 1, '12', NULL, 11, 10, '#000000', NULL),
       (4, 5, 20, NULL, 'Montserrat', '#000000', NULL, 1, '13', NULL, 9, 10, '#000000', NULL),
       (5, 5, 20, NULL, 'Montserrat', '#000000', '#FFFFFF', NULL, '20', NULL, NULL, 10, '#000000', NULL),
       (6, 5, 20, NULL, 'Montserrat', '#000000', NULL, 1, '21', NULL, 2, 10, '#000000', NULL),
       (7, 5, 20, NULL, 'Montserrat', '#000000', NULL, 1, '22', NULL, 17, 10, '#000000', NULL),
       (8, 5, 20, NULL, 'Montserrat', '#000000', NULL, 1, '23', NULL, 4, 10, '#000000', NULL),
       (9, 5, 20, NULL, 'Montserrat', '#000000', '#FFFFFF', NULL, '30', NULL, NULL, 10, '#000000', NULL),
       (10, 5, 20, NULL, 'Montserrat', '#000000', NULL, 1, '31', NULL, 12, 10, '#000000', NULL),
       (11, 5, 20, NULL, 'Montserrat', '#000000', NULL, 1, '32', NULL, 13, 10, '#000000', NULL),
       (12, 5, 20, NULL, 'Montserrat', '#000000', NULL, 1, '33', NULL, 14, 10, '#000000', NULL),
       (13, 5, 20, NULL, 'Montserrat', '#000000', NULL, 1, '34', NULL, 18, 10, '#000000', NULL),
       (14, 5, 20, NULL, 'Montserrat', '#000000', '#FFFFFF', 1, '40', NULL, NULL, 10, '#000000', NULL),
       (15, 5, 20, NULL, 'Montserrat', '#000000', NULL, 1, '41', NULL, 10, 10, '#000000', NULL),
       (16, 5, 20, NULL, 'Montserrat', '#000000', NULL, 1, '42', NULL, 7, 10, '#000000', NULL),
       (17, 5, 20, NULL, 'Montserrat', '#000000', NULL, 1, '43', NULL, 21, 10, '#000000', NULL),
       (18, 5, 20, NULL, 'Montserrat', '#000000', '#FFFFFF', NULL, '50', NULL, 20, 10, '#000000', NULL),
       (19, 5, 20, NULL, 'Montserrat', '#000000', NULL, 1, '51', NULL, 20, 10, '#000000', 1),
       (20, 5, 20, NULL, 'Montserrat', '#000000', NULL, 1, '52', NULL, 20, 10, '#000000', 2),
       (21, 5, 20, NULL, 'Montserrat', '#000000', NULL, 1, '53', NULL, 20, 10, '#000000', 3),
       (22, 5, 20, NULL, 'Montserrat', '#000000', NULL, 1, '54', NULL, 20, 10, '#000000', 4),
       (23, 5, 20, NULL, 'Montserrat', '#000000', NULL, 1, '55', NULL, 20, 10, '#000000', 4),
       (24, 5, 20, NULL, 'Montserrat', '#000000', NULL, 1, '56', NULL, 20, 10, '#000000', 5),
       (25, 5, 20, NULL, 'Montserrat', '#000000', NULL, 1, '57', NULL, 20, 10, '#000000', 6),
       (26, 5, 20, NULL, 'Montserrat', '#000000', NULL, 1, '58', NULL, 20, 10, '#000000', 8),
       (27, 5, 20, NULL, 'Montserrat', '#000000', NULL, 1, '59', NULL, 20, 10, '#000000', 9),
       (28, 5, 20, NULL, 'Montserrat', '#000000', NULL, 1, '510', NULL, 20, 10, '#000000', NULL),
       (29, 5, 20, NULL, 'Montserrat', '#000000', '#FFFFFF', NULL, '60', NULL, 20, 10, '#000000', NULL),
       (30, 5, 20, NULL, 'Montserrat', '#000000', NULL, 1, '61', NULL, 26, 10, '#000000', NULL),
       (31, 5, 20, NULL, 'Montserrat', '#000000', NULL, 1, '62', NULL, 25, 10, '#000000', NULL),
       (32, 5, 20, NULL, 'Montserrat', '#000000', NULL, 1, '63', NULL, 24, 10, '#000000', NULL),
       (33, 5, 20, NULL, 'Montserrat', '#000000', NULL, 1, '64', NULL, 23, 10, '#000000', NULL),
       (34, 5, 20, NULL, 'Montserrat', '#000000', NULL, 1, '65', NULL, 22, 10, '#000000', NULL),
       (1, 6, 20, NULL, 'Montserrat', '#000000', '#FFFFFF', NULL, '10', NULL, NULL, 10, '#000000', NULL),
       (2, 6, 20, NULL, 'Montserrat', '#000000', NULL, 1, '11', NULL, 3, 10, '#000000', NULL),
       (3, 6, 20, NULL, 'Montserrat', '#000000', NULL, 1, '12', NULL, 11, 10, '#000000', NULL),
       (4, 6, 20, NULL, 'Montserrat', '#000000', NULL, 1, '13', NULL, 9, 10, '#000000', NULL),
       (5, 6, 20, NULL, 'Montserrat', '#000000', '#FFFFFF', NULL, '20', NULL, NULL, 10, '#000000', NULL),
       (6, 6, 20, NULL, 'Montserrat', '#000000', NULL, 1, '21', NULL, 2, 10, '#000000', NULL),
       (7, 6, 20, NULL, 'Montserrat', '#000000', NULL, 1, '22', NULL, 17, 10, '#000000', NULL),
       (8, 6, 20, NULL, 'Montserrat', '#000000', NULL, 1, '23', NULL, 4, 10, '#000000', NULL),
       (9, 6, 20, NULL, 'Montserrat', '#000000', '#FFFFFF', NULL, '30', NULL, NULL, 10, '#000000', NULL),
       (10, 6, 20, NULL, 'Montserrat', '#000000', NULL, 1, '31', NULL, 12, 10, '#000000', NULL),
       (11, 6, 20, NULL, 'Montserrat', '#000000', NULL, 1, '32', NULL, 13, 10, '#000000', NULL),
       (12, 6, 20, NULL, 'Montserrat', '#000000', NULL, 1, '33', NULL, 14, 10, '#000000', NULL),
       (13, 6, 20, NULL, 'Montserrat', '#000000', NULL, 1, '34', NULL, 18, 10, '#000000', NULL),
       (14, 6, 20, NULL, 'Montserrat', '#000000', '#FFFFFF', 1, '40', NULL, NULL, 10, '#000000', NULL),
       (15, 6, 20, NULL, 'Montserrat', '#000000', NULL, 1, '41', NULL, 10, 10, '#000000', NULL),
       (16, 6, 20, NULL, 'Montserrat', '#000000', NULL, 1, '42', NULL, 7, 10, '#000000', NULL),
       (17, 6, 20, NULL, 'Montserrat', '#000000', NULL, 1, '43', NULL, 21, 10, '#000000', NULL),
       (18, 6, 20, NULL, 'Montserrat', '#000000', '#FFFFFF', NULL, '50', NULL, 20, 10, '#000000', NULL),
       (19, 6, 20, NULL, 'Montserrat', '#000000', NULL, 1, '51', NULL, 20, 10, '#000000', 2),
       (20, 6, 20, NULL, 'Montserrat', '#000000', NULL, 1, '52', NULL, 20, 10, '#000000', 1),
       (21, 6, 20, NULL, 'Montserrat', '#000000', NULL, 1, '53', NULL, 20, 10, '#000000', 5),
       (22, 6, 20, NULL, 'Montserrat', '#000000', NULL, 1, '54', NULL, 20, 10, '#000000', 1),
       (23, 6, 20, NULL, 'Montserrat', '#000000', NULL, 1, '55', NULL, 20, 10, '#000000', 3),
       (24, 6, 20, NULL, 'Montserrat', '#000000', NULL, 1, '56', NULL, 20, 10, '#000000', 4),
       (25, 6, 20, NULL, 'Montserrat', '#000000', NULL, 1, '57', NULL, 20, 10, '#000000', 3),
       (26, 6, 20, NULL, 'Montserrat', '#000000', NULL, 1, '58', NULL, 20, 10, '#000000', 3),
       (27, 6, 20, NULL, 'Montserrat', '#000000', NULL, 1, '59', NULL, 20, 10, '#000000', 4),
       (28, 6, 20, NULL, 'Montserrat', '#000000', NULL, 1, '510', NULL, 20, 10, '#000000', NULL),
       (29, 6, 20, NULL, 'Montserrat', '#000000', '#FFFFFF', NULL, '60', NULL, 20, 10, '#000000', NULL),
       (30, 6, 20, NULL, 'Montserrat', '#000000', NULL, 1, '61', NULL, 26, 10, '#000000', NULL),
       (31, 6, 20, NULL, 'Montserrat', '#000000', NULL, 1, '62', NULL, 25, 10, '#000000', NULL),
       (32, 6, 20, NULL, 'Montserrat', '#000000', NULL, 1, '63', NULL, 24, 10, '#000000', NULL),
       (33, 6, 20, NULL, 'Montserrat', '#000000', NULL, 1, '64', NULL, 23, 10, '#000000', NULL),
       (34, 6, 20, NULL, 'Montserrat', '#000000', NULL, 1, '65', NULL, 22, 10, '#000000', NULL),
       (1, 7, 20, NULL, 'Montserrat', '#000000', '#FFFFFF', NULL, '10', NULL, NULL, 10, '#000000', NULL),
       (2, 7, 20, NULL, 'Montserrat', '#000000', NULL, 1, '11', NULL, 3, 10, '#000000', NULL),
       (3, 7, 20, NULL, 'Montserrat', '#000000', NULL, 1, '12', NULL, 11, 10, '#000000', NULL),
       (4, 7, 20, NULL, 'Montserrat', '#000000', NULL, 1, '13', NULL, 9, 10, '#000000', NULL),
       (5, 7, 20, NULL, 'Montserrat', '#000000', '#FFFFFF', NULL, '20', NULL, NULL, 10, '#000000', NULL),
       (6, 7, 20, NULL, 'Montserrat', '#000000', NULL, 1, '21', NULL, 2, 10, '#000000', NULL),
       (7, 7, 20, NULL, 'Montserrat', '#000000', NULL, 1, '22', NULL, 17, 10, '#000000', NULL),
       (8, 7, 20, NULL, 'Montserrat', '#000000', NULL, 1, '23', NULL, 4, 10, '#000000', NULL),
       (9, 7, 20, NULL, 'Montserrat', '#000000', '#FFFFFF', NULL, '30', NULL, NULL, 10, '#000000', NULL),
       (10, 7, 20, NULL, 'Montserrat', '#000000', NULL, 1, '31', NULL, 12, 10, '#000000', NULL),
       (11, 7, 20, NULL, 'Montserrat', '#000000', NULL, 1, '32', NULL, 13, 10, '#000000', NULL),
       (12, 7, 20, NULL, 'Montserrat', '#000000', NULL, 1, '33', NULL, 14, 10, '#000000', NULL),
       (13, 7, 20, NULL, 'Montserrat', '#000000', NULL, 1, '34', NULL, 18, 10, '#000000', NULL),
       (14, 7, 20, NULL, 'Montserrat', '#000000', '#FFFFFF', 1, '40', NULL, NULL, 10, '#000000', NULL),
       (15, 7, 20, NULL, 'Montserrat', '#000000', NULL, 1, '41', NULL, 10, 10, '#000000', NULL),
       (16, 7, 20, NULL, 'Montserrat', '#000000', NULL, 1, '42', NULL, 7, 10, '#000000', NULL),
       (17, 7, 20, NULL, 'Montserrat', '#000000', NULL, 1, '43', NULL, 21, 10, '#000000', NULL),
       (18, 7, 20, NULL, 'Montserrat', '#000000', '#FFFFFF', NULL, '50', NULL, 20, 10, '#000000', NULL),
       (19, 7, 20, NULL, 'Montserrat', '#000000', NULL, 1, '51', NULL, 20, 10, '#000000', NULL),
       (20, 7, 20, NULL, 'Montserrat', '#000000', NULL, 1, '52', NULL, 20, 10, '#000000', NULL),
       (21, 7, 20, NULL, 'Montserrat', '#000000', NULL, 1, '53', NULL, 20, 10, '#000000', NULL),
       (22, 7, 20, NULL, 'Montserrat', '#000000', NULL, 1, '54', NULL, 20, 10, '#000000', NULL),
       (23, 7, 20, NULL, 'Montserrat', '#000000', NULL, 1, '55', NULL, 20, 10, '#000000', NULL),
       (24, 7, 20, NULL, 'Montserrat', '#000000', NULL, 1, '56', NULL, 20, 10, '#000000', NULL),
       (25, 7, 20, NULL, 'Montserrat', '#000000', NULL, 1, '57', NULL, 20, 10, '#000000', NULL),
       (26, 7, 20, NULL, 'Montserrat', '#000000', NULL, 1, '58', NULL, 20, 10, '#000000', NULL),
       (27, 7, 20, NULL, 'Montserrat', '#000000', NULL, 1, '59', NULL, 20, 10, '#000000', NULL),
       (28, 7, 20, NULL, 'Montserrat', '#000000', NULL, 1, '510', NULL, 20, 10, '#000000', NULL),
       (29, 7, 20, NULL, 'Montserrat', '#000000', '#FFFFFF', NULL, '60', NULL, 20, 10, '#000000', NULL),
       (30, 7, 20, NULL, 'Montserrat', '#000000', NULL, NULL, '61', NULL, 26, 10, '#000000', NULL),
       (31, 7, 20, NULL, 'Montserrat', '#000000', NULL, NULL, '62', NULL, 25, 10, '#000000', NULL),
       (32, 7, 20, NULL, 'Montserrat', '#000000', NULL, NULL, '63', NULL, 24, 10, '#000000', NULL),
       (33, 7, 20, NULL, 'Montserrat', '#000000', NULL, NULL, '64', NULL, 23, 10, '#000000', NULL),
       (34, 7, 20, NULL, 'Montserrat', '#000000', NULL, NULL, '65', NULL, 22, 10, '#000000', NULL),
       (1, 8, 20, NULL, 'Montserrat', '#000000', '#FFFFFF', NULL, '10', NULL, NULL, 10, '#000000', NULL),
       (2, 8, 20, NULL, 'Montserrat', '#000000', NULL, 1, '11', NULL, 3, 10, '#000000', NULL),
       (3, 8, 20, NULL, 'Montserrat', '#000000', NULL, 1, '12', NULL, 11, 10, '#000000', NULL),
       (4, 8, 20, NULL, 'Montserrat', '#000000', NULL, 1, '13', NULL, 9, 10, '#000000', NULL),
       (5, 8, 20, NULL, 'Montserrat', '#000000', '#FFFFFF', NULL, '20', NULL, NULL, 10, '#000000', NULL),
       (6, 8, 20, NULL, 'Montserrat', '#000000', NULL, 1, '21', NULL, 2, 10, '#000000', NULL),
       (7, 8, 20, NULL, 'Montserrat', '#000000', NULL, 1, '22', NULL, 17, 10, '#000000', NULL),
       (8, 8, 20, NULL, 'Montserrat', '#000000', NULL, 1, '23', NULL, 4, 10, '#000000', NULL),
       (9, 8, 20, NULL, 'Montserrat', '#000000', '#FFFFFF', NULL, '30', NULL, NULL, 10, '#000000', NULL),
       (10, 8, 20, NULL, 'Montserrat', '#000000', NULL, 1, '31', NULL, 12, 10, '#000000', NULL),
       (11, 8, 20, NULL, 'Montserrat', '#000000', NULL, 1, '32', NULL, 13, 10, '#000000', NULL),
       (12, 8, 20, NULL, 'Montserrat', '#000000', NULL, 1, '33', NULL, 14, 10, '#000000', NULL),
       (13, 8, 20, NULL, 'Montserrat', '#000000', NULL, 1, '34', NULL, 18, 10, '#000000', NULL),
       (14, 8, 20, NULL, 'Montserrat', '#000000', '#FFFFFF', 1, '40', NULL, NULL, 10, '#000000', NULL),
       (15, 8, 20, NULL, 'Montserrat', '#000000', NULL, 1, '41', NULL, 10, 10, '#000000', NULL),
       (16, 8, 20, NULL, 'Montserrat', '#000000', NULL, 1, '42', NULL, 7, 10, '#000000', NULL),
       (17, 8, 20, NULL, 'Montserrat', '#000000', NULL, 1, '43', NULL, 21, 10, '#000000', NULL),
       (18, 8, 20, NULL, 'Montserrat', '#000000', '#FFFFFF', NULL, '50', NULL, 20, 10, '#000000', NULL),
       (19, 8, 20, NULL, 'Montserrat', '#000000', NULL, 1, '51', NULL, 20, 10, '#000000', NULL),
       (20, 8, 20, NULL, 'Montserrat', '#000000', NULL, 1, '52', NULL, 20, 10, '#000000', NULL),
       (21, 8, 20, NULL, 'Montserrat', '#000000', NULL, 1, '53', NULL, 20, 10, '#000000', NULL),
       (22, 8, 20, NULL, 'Montserrat', '#000000', NULL, 1, '54', NULL, 20, 10, '#000000', NULL),
       (23, 8, 20, NULL, 'Montserrat', '#000000', NULL, 1, '55', NULL, 20, 10, '#000000', NULL),
       (24, 8, 20, NULL, 'Montserrat', '#000000', NULL, 1, '56', NULL, 20, 10, '#000000', NULL),
       (25, 8, 20, NULL, 'Montserrat', '#000000', NULL, 1, '57', NULL, 20, 10, '#000000', NULL),
       (26, 8, 20, NULL, 'Montserrat', '#000000', NULL, 1, '58', NULL, 20, 10, '#000000', NULL),
       (27, 8, 20, NULL, 'Montserrat', '#000000', NULL, 1, '59', NULL, 20, 10, '#000000', NULL),
       (28, 8, 20, NULL, 'Montserrat', '#000000', NULL, 1, '510', NULL, 20, 10, '#000000', NULL),
       (29, 8, 20, NULL, 'Montserrat', '#000000', '#FFFFFF', NULL, '60', NULL, 20, 10, '#000000', NULL),
       (30, 8, 20, NULL, 'Montserrat', '#000000', NULL, 1, '61', NULL, 26, 10, '#000000', NULL),
       (31, 8, 20, NULL, 'Montserrat', '#000000', NULL, 1, '62', NULL, 25, 10, '#000000', NULL),
       (32, 8, 20, NULL, 'Montserrat', '#000000', NULL, 1, '63', NULL, 24, 10, '#000000', NULL),
       (33, 8, 20, NULL, 'Montserrat', '#000000', NULL, 1, '64', NULL, 23, 10, '#000000', NULL),
       (34, 8, 20, NULL, 'Montserrat', '#000000', NULL, 1, '65', NULL, 22, 10, '#000000', NULL),
       (1, 9, 20, NULL, 'Montserrat', '#000000', '#FFFFFF', NULL, '10', NULL, NULL, 10, '#000000', NULL),
       (2, 9, 20, NULL, 'Montserrat', '#000000', NULL, 1, '11', NULL, 3, 10, '#000000', NULL),
       (3, 9, 20, NULL, 'Montserrat', '#000000', NULL, 1, '12', NULL, 11, 10, '#000000', NULL),
       (4, 9, 20, NULL, 'Montserrat', '#000000', NULL, 1, '13', NULL, 9, 10, '#000000', NULL),
       (5, 9, 20, NULL, 'Montserrat', '#000000', '#FFFFFF', NULL, '20', NULL, NULL, 10, '#000000', NULL),
       (6, 9, 20, NULL, 'Montserrat', '#000000', NULL, 1, '21', NULL, 2, 10, '#000000', NULL),
       (7, 9, 20, NULL, 'Montserrat', '#000000', NULL, 1, '22', NULL, 17, 10, '#000000', NULL),
       (8, 9, 20, NULL, 'Montserrat', '#000000', NULL, 1, '23', NULL, 4, 10, '#000000', NULL),
       (9, 9, 20, NULL, 'Montserrat', '#000000', '#FFFFFF', NULL, '30', NULL, NULL, 10, '#000000', NULL),
       (10, 9, 20, NULL, 'Montserrat', '#000000', NULL, 1, '31', NULL, 12, 10, '#000000', NULL),
       (11, 9, 20, NULL, 'Montserrat', '#000000', NULL, 1, '32', NULL, 13, 10, '#000000', NULL),
       (12, 9, 20, NULL, 'Montserrat', '#000000', NULL, 1, '33', NULL, 14, 10, '#000000', NULL),
       (13, 9, 20, NULL, 'Montserrat', '#000000', NULL, 1, '34', NULL, 18, 10, '#000000', NULL),
       (14, 9, 20, NULL, 'Montserrat', '#000000', '#FFFFFF', 1, '40', NULL, NULL, 10, '#000000', NULL),
       (15, 9, 20, NULL, 'Montserrat', '#000000', NULL, 1, '41', NULL, 10, 10, '#000000', NULL),
       (16, 9, 20, NULL, 'Montserrat', '#000000', NULL, 1, '42', NULL, 7, 10, '#000000', NULL),
       (17, 9, 20, NULL, 'Montserrat', '#000000', NULL, 1, '43', NULL, 21, 10, '#000000', NULL),
       (18, 9, 20, NULL, 'Montserrat', '#000000', '#FFFFFF', NULL, '50', NULL, 20, 10, '#000000', NULL),
       (19, 9, 20, NULL, 'Montserrat', '#000000', NULL, 1, '51', NULL, 20, 10, '#000000', NULL),
       (20, 9, 20, NULL, 'Montserrat', '#000000', NULL, 1, '52', NULL, 20, 10, '#000000', NULL),
       (21, 9, 20, NULL, 'Montserrat', '#000000', NULL, 1, '53', NULL, 20, 10, '#000000', NULL),
       (22, 9, 20, NULL, 'Montserrat', '#000000', NULL, 1, '54', NULL, 20, 10, '#000000', NULL),
       (23, 9, 20, NULL, 'Montserrat', '#000000', NULL, 1, '55', NULL, 20, 10, '#000000', NULL),
       (24, 9, 20, NULL, 'Montserrat', '#000000', NULL, 1, '56', NULL, 20, 10, '#000000', NULL),
       (25, 9, 20, NULL, 'Montserrat', '#000000', NULL, 1, '57', NULL, 20, 10, '#000000', NULL),
       (26, 9, 20, NULL, 'Montserrat', '#000000', NULL, 1, '58', NULL, 20, 10, '#000000', NULL),
       (27, 9, 20, NULL, 'Montserrat', '#000000', NULL, 1, '59', NULL, 20, 10, '#000000', NULL),
       (28, 9, 20, NULL, 'Montserrat', '#000000', NULL, 1, '510', NULL, 20, 10, '#000000', NULL),
       (29, 9, 20, NULL, 'Montserrat', '#000000', '#FFFFFF', NULL, '60', NULL, 20, 10, '#000000', NULL),
       (30, 9, 20, NULL, 'Montserrat', '#000000', NULL, 1, '61', NULL, 26, 10, '#000000', NULL),
       (31, 9, 20, NULL, 'Montserrat', '#000000', NULL, 1, '62', NULL, 25, 10, '#000000', NULL),
       (32, 9, 20, NULL, 'Montserrat', '#000000', NULL, 1, '63', NULL, 24, 10, '#000000', NULL),
       (33, 9, 20, NULL, 'Montserrat', '#000000', NULL, 1, '64', NULL, 23, 10, '#000000', NULL),
       (34, 9, 20, NULL, 'Montserrat', '#000000', NULL, 1, '65', NULL, 22, 10, '#000000', NULL),
       (1, 10, 20, NULL, 'Montserrat', '#000000', '#FFFFFF', NULL, '10', NULL, NULL, 10, '#000000', NULL),
       (2, 10, 20, NULL, 'Montserrat', '#000000', NULL, 1, '11', NULL, 3, 10, '#000000', NULL),
       (3, 10, 20, NULL, 'Montserrat', '#000000', NULL, 1, '12', NULL, 11, 10, '#000000', NULL),
       (4, 10, 20, NULL, 'Montserrat', '#000000', NULL, 1, '13', NULL, 9, 10, '#000000', NULL),
       (5, 10, 20, NULL, 'Montserrat', '#000000', '#FFFFFF', NULL, '20', NULL, NULL, 10, '#000000', NULL),
       (6, 10, 20, NULL, 'Montserrat', '#000000', NULL, 1, '21', NULL, 2, 10, '#000000', NULL),
       (7, 10, 20, NULL, 'Montserrat', '#000000', NULL, 1, '22', NULL, 17, 10, '#000000', NULL),
       (8, 10, 20, NULL, 'Montserrat', '#000000', NULL, 1, '23', NULL, 4, 10, '#000000', NULL),
       (9, 10, 20, NULL, 'Montserrat', '#000000', '#FFFFFF', NULL, '30', NULL, NULL, 10, '#000000', NULL),
       (10, 10, 20, NULL, 'Montserrat', '#000000', NULL, 1, '31', NULL, 12, 10, '#000000', NULL),
       (11, 10, 20, NULL, 'Montserrat', '#000000', NULL, 1, '32', NULL, 13, 10, '#000000', NULL),
       (12, 10, 20, NULL, 'Montserrat', '#000000', NULL, 1, '33', NULL, 14, 10, '#000000', NULL),
       (13, 10, 20, NULL, 'Montserrat', '#000000', NULL, 1, '34', NULL, 18, 10, '#000000', NULL),
       (14, 10, 20, NULL, 'Montserrat', '#000000', '#FFFFFF', 1, '40', NULL, NULL, 10, '#000000', NULL),
       (15, 10, 20, NULL, 'Montserrat', '#000000', NULL, 1, '41', NULL, 10, 10, '#000000', NULL),
       (16, 10, 20, NULL, 'Montserrat', '#000000', NULL, 1, '42', NULL, 7, 10, '#000000', NULL),
       (17, 10, 20, NULL, 'Montserrat', '#000000', NULL, 1, '43', NULL, 21, 10, '#000000', NULL),
       (18, 10, 20, NULL, 'Montserrat', '#000000', '#FFFFFF', NULL, '50', NULL, 20, 10, '#000000', NULL),
       (19, 10, 20, NULL, 'Montserrat', '#000000', NULL, 1, '51', NULL, 20, 10, '#000000', NULL),
       (20, 10, 20, NULL, 'Montserrat', '#000000', NULL, 1, '52', NULL, 20, 10, '#000000', NULL),
       (21, 10, 20, NULL, 'Montserrat', '#000000', NULL, 1, '53', NULL, 20, 10, '#000000', NULL),
       (22, 10, 20, NULL, 'Montserrat', '#000000', NULL, 1, '54', NULL, 20, 10, '#000000', NULL),
       (23, 10, 20, NULL, 'Montserrat', '#000000', NULL, 1, '55', NULL, 20, 10, '#000000', NULL),
       (24, 10, 20, NULL, 'Montserrat', '#000000', NULL, 1, '56', NULL, 20, 10, '#000000', NULL),
       (25, 10, 20, NULL, 'Montserrat', '#000000', NULL, 1, '57', NULL, 20, 10, '#000000', NULL),
       (26, 10, 20, NULL, 'Montserrat', '#000000', NULL, 1, '58', NULL, 20, 10, '#000000', NULL),
       (27, 10, 20, NULL, 'Montserrat', '#000000', NULL, 1, '59', NULL, 20, 10, '#000000', NULL),
       (28, 10, 20, NULL, 'Montserrat', '#000000', NULL, 1, '510', NULL, 20, 10, '#000000', NULL),
       (29, 10, 20, NULL, 'Montserrat', '#000000', '#FFFFFF', NULL, '60', NULL, 20, 10, '#000000', NULL),
       (30, 10, 20, NULL, 'Montserrat', '#000000', NULL, 1, '61', NULL, 26, 10, '#000000', NULL),
       (31, 10, 20, NULL, 'Montserrat', '#000000', NULL, 1, '62', NULL, 25, 10, '#000000', NULL),
       (32, 10, 20, NULL, 'Montserrat', '#000000', NULL, 1, '63', NULL, 24, 10, '#000000', NULL),
       (33, 10, 20, NULL, 'Montserrat', '#000000', NULL, 1, '64', NULL, 23, 10, '#000000', NULL),
       (34, 10, 20, NULL, 'Montserrat', '#000000', NULL, 1, '65', NULL, 22, 10, '#000000', NULL),
       (1, 11, 20, NULL, 'Montserrat', '#000000', '#FFFFFF', NULL, '10', NULL, NULL, 10, '#000000', NULL),
       (2, 11, 20, NULL, 'Montserrat', '#000000', NULL, 1, '11', NULL, 3, 10, '#000000', NULL),
       (3, 11, 20, NULL, 'Montserrat', '#000000', NULL, 1, '12', NULL, 11, 10, '#000000', NULL),
       (4, 11, 20, NULL, 'Montserrat', '#000000', NULL, 1, '13', NULL, 9, 10, '#000000', NULL),
       (5, 11, 20, NULL, 'Montserrat', '#000000', '#FFFFFF', NULL, '20', NULL, NULL, 10, '#000000', NULL),
       (6, 11, 20, NULL, 'Montserrat', '#000000', NULL, 1, '21', NULL, 2, 10, '#000000', NULL),
       (7, 11, 20, NULL, 'Montserrat', '#000000', NULL, 1, '22', NULL, 17, 10, '#000000', NULL),
       (8, 11, 20, NULL, 'Montserrat', '#000000', NULL, 1, '23', NULL, 4, 10, '#000000', NULL),
       (9, 11, 20, NULL, 'Montserrat', '#000000', '#FFFFFF', NULL, '30', NULL, NULL, 10, '#000000', NULL),
       (10, 11, 20, NULL, 'Montserrat', '#000000', NULL, 1, '31', NULL, 12, 10, '#000000', NULL),
       (11, 11, 20, NULL, 'Montserrat', '#000000', NULL, 1, '32', NULL, 13, 10, '#000000', NULL),
       (12, 11, 20, NULL, 'Montserrat', '#000000', NULL, 1, '33', NULL, 14, 10, '#000000', NULL),
       (13, 11, 20, NULL, 'Montserrat', '#000000', NULL, 1, '34', NULL, 18, 10, '#000000', NULL),
       (14, 11, 20, NULL, 'Montserrat', '#000000', '#FFFFFF', 1, '40', NULL, NULL, 10, '#000000', NULL),
       (15, 11, 20, NULL, 'Montserrat', '#000000', NULL, 1, '41', NULL, 10, 10, '#000000', NULL),
       (16, 11, 20, NULL, 'Montserrat', '#000000', NULL, 1, '42', NULL, 7, 10, '#000000', NULL),
       (17, 11, 20, NULL, 'Montserrat', '#000000', NULL, 1, '43', NULL, 21, 10, '#000000', NULL),
       (18, 11, 20, NULL, 'Montserrat', '#000000', '#FFFFFF', NULL, '50', NULL, 20, 10, '#000000', NULL),
       (19, 11, 20, NULL, 'Montserrat', '#000000', NULL, 1, '51', NULL, 20, 10, '#000000', NULL),
       (20, 11, 20, NULL, 'Montserrat', '#000000', NULL, 1, '52', NULL, 20, 10, '#000000', NULL),
       (21, 11, 20, NULL, 'Montserrat', '#000000', NULL, 1, '53', NULL, 20, 10, '#000000', NULL),
       (22, 11, 20, NULL, 'Montserrat', '#000000', NULL, 1, '54', NULL, 20, 10, '#000000', NULL),
       (23, 11, 20, NULL, 'Montserrat', '#000000', NULL, 1, '55', NULL, 20, 10, '#000000', NULL),
       (24, 11, 20, NULL, 'Montserrat', '#000000', NULL, 1, '56', NULL, 20, 10, '#000000', NULL),
       (25, 11, 20, NULL, 'Montserrat', '#000000', NULL, 1, '57', NULL, 20, 10, '#000000', NULL),
       (26, 11, 20, NULL, 'Montserrat', '#000000', NULL, 1, '58', NULL, 20, 10, '#000000', NULL),
       (27, 11, 20, NULL, 'Montserrat', '#000000', NULL, 1, '59', NULL, 20, 10, '#000000', NULL),
       (28, 11, 20, NULL, 'Montserrat', '#000000', NULL, 1, '510', NULL, 20, 10, '#000000', NULL),
       (29, 11, 20, NULL, 'Montserrat', '#000000', '#FFFFFF', NULL, '60', NULL, 20, 10, '#000000', NULL),
       (30, 11, 20, NULL, 'Montserrat', '#000000', NULL, 1, '61', NULL, 26, 10, '#000000', NULL),
       (31, 11, 20, NULL, 'Montserrat', '#000000', NULL, 1, '62', NULL, 25, 10, '#000000', NULL),
       (32, 11, 20, NULL, 'Montserrat', '#000000', NULL, 1, '63', NULL, 24, 10, '#000000', NULL),
       (33, 11, 20, NULL, 'Montserrat', '#000000', NULL, 1, '64', NULL, 23, 10, '#000000', NULL),
       (34, 11, 20, NULL, 'Montserrat', '#000000', NULL, 1, '65', NULL, 22, 10, '#000000', NULL),
       (1, 12, 20, NULL, 'Montserrat', '#000000', '#FFFFFF', NULL, '10', NULL, NULL, 10, '#000000', NULL),
       (2, 12, 20, NULL, 'Montserrat', '#000000', NULL, 1, '11', NULL, 3, 10, '#000000', NULL),
       (3, 12, 20, NULL, 'Montserrat', '#000000', NULL, 1, '12', NULL, 11, 10, '#000000', NULL),
       (4, 12, 20, NULL, 'Montserrat', '#000000', NULL, 1, '13', NULL, 9, 10, '#000000', NULL),
       (5, 12, 20, NULL, 'Montserrat', '#000000', '#FFFFFF', NULL, '20', NULL, NULL, 10, '#000000', NULL),
       (6, 12, 20, NULL, 'Montserrat', '#000000', NULL, 1, '21', NULL, 2, 10, '#000000', NULL),
       (7, 12, 20, NULL, 'Montserrat', '#000000', NULL, 1, '22', NULL, 17, 10, '#000000', NULL),
       (8, 12, 20, NULL, 'Montserrat', '#000000', NULL, 1, '23', NULL, 4, 10, '#000000', NULL),
       (9, 12, 20, NULL, 'Montserrat', '#000000', '#FFFFFF', NULL, '30', NULL, NULL, 10, '#000000', NULL),
       (10, 12, 20, NULL, 'Montserrat', '#000000', NULL, 1, '31', NULL, 12, 10, '#000000', NULL),
       (11, 12, 20, NULL, 'Montserrat', '#000000', NULL, 1, '32', NULL, 13, 10, '#000000', NULL),
       (12, 12, 20, NULL, 'Montserrat', '#000000', NULL, 1, '33', NULL, 14, 10, '#000000', NULL),
       (13, 12, 20, NULL, 'Montserrat', '#000000', NULL, 1, '34', NULL, 18, 10, '#000000', NULL),
       (14, 12, 20, NULL, 'Montserrat', '#000000', '#FFFFFF', 1, '40', NULL, NULL, 10, '#000000', NULL),
       (15, 12, 20, NULL, 'Montserrat', '#000000', NULL, 1, '41', NULL, 10, 10, '#000000', NULL),
       (16, 12, 20, NULL, 'Montserrat', '#000000', NULL, 1, '42', NULL, 7, 10, '#000000', NULL),
       (17, 12, 20, NULL, 'Montserrat', '#000000', NULL, 1, '43', NULL, 21, 10, '#000000', NULL),
       (18, 12, 20, NULL, 'Montserrat', '#000000', '#FFFFFF', NULL, '50', NULL, 20, 10, '#000000', NULL),
       (19, 12, 20, NULL, 'Montserrat', '#000000', NULL, 1, '51', NULL, 20, 10, '#000000', NULL),
       (20, 12, 20, NULL, 'Montserrat', '#000000', NULL, 1, '52', NULL, 20, 10, '#000000', NULL),
       (21, 12, 20, NULL, 'Montserrat', '#000000', NULL, 1, '53', NULL, 20, 10, '#000000', NULL),
       (22, 12, 20, NULL, 'Montserrat', '#000000', NULL, 1, '54', NULL, 20, 10, '#000000', NULL),
       (23, 12, 20, NULL, 'Montserrat', '#000000', NULL, 1, '55', NULL, 20, 10, '#000000', NULL),
       (24, 12, 20, NULL, 'Montserrat', '#000000', NULL, 1, '56', NULL, 20, 10, '#000000', NULL),
       (25, 12, 20, NULL, 'Montserrat', '#000000', NULL, 1, '57', NULL, 20, 10, '#000000', NULL),
       (26, 12, 20, NULL, 'Montserrat', '#000000', NULL, 1, '58', NULL, 20, 10, '#000000', NULL),
       (27, 12, 20, NULL, 'Montserrat', '#000000', NULL, 1, '59', NULL, 20, 10, '#000000', NULL),
       (28, 12, 20, NULL, 'Montserrat', '#000000', NULL, 1, '510', NULL, 20, 10, '#000000', NULL),
       (29, 12, 20, NULL, 'Montserrat', '#000000', '#FFFFFF', NULL, '60', NULL, 20, 10, '#000000', NULL),
       (30, 12, 20, NULL, 'Montserrat', '#000000', NULL, NULL, '61', NULL, 26, 10, '#000000', NULL),
       (31, 12, 20, NULL, 'Montserrat', '#000000', NULL, NULL, '62', NULL, 25, 10, '#000000', NULL),
       (32, 12, 20, NULL, 'Montserrat', '#000000', NULL, NULL, '63', NULL, 24, 10, '#000000', NULL),
       (33, 12, 20, NULL, 'Montserrat', '#000000', NULL, NULL, '64', NULL, 23, 10, '#000000', NULL),
       (34, 12, 20, NULL, 'Montserrat', '#000000', NULL, NULL, '65', NULL, 22, 10, '#000000', NULL),
       (1, 13, 20, NULL, 'Montserrat', '#000000', '#FFFFFF', NULL, '10', NULL, NULL, 10, '#000000', NULL),
       (2, 13, 20, NULL, 'Montserrat', '#000000', NULL, 1, '11', NULL, 3, 10, '#000000', NULL),
       (3, 13, 20, NULL, 'Montserrat', '#000000', NULL, 1, '12', NULL, 11, 10, '#000000', NULL),
       (4, 13, 20, NULL, 'Montserrat', '#000000', NULL, 1, '13', NULL, 9, 10, '#000000', NULL),
       (5, 13, 20, NULL, 'Montserrat', '#000000', '#FFFFFF', NULL, '20', NULL, NULL, 10, '#000000', NULL),
       (6, 13, 20, NULL, 'Montserrat', '#000000', NULL, 1, '21', NULL, 2, 10, '#000000', NULL),
       (7, 13, 20, NULL, 'Montserrat', '#000000', NULL, 1, '22', NULL, 17, 10, '#000000', NULL),
       (8, 13, 20, NULL, 'Montserrat', '#000000', NULL, 1, '23', NULL, 4, 10, '#000000', NULL),
       (9, 13, 20, NULL, 'Montserrat', '#000000', '#FFFFFF', NULL, '30', NULL, NULL, 10, '#000000', NULL),
       (10, 13, 20, NULL, 'Montserrat', '#000000', NULL, 1, '31', NULL, 12, 10, '#000000', NULL),
       (11, 13, 20, NULL, 'Montserrat', '#000000', NULL, 1, '32', NULL, 13, 10, '#000000', NULL),
       (12, 13, 20, NULL, 'Montserrat', '#000000', NULL, 1, '33', NULL, 14, 10, '#000000', NULL),
       (13, 13, 20, NULL, 'Montserrat', '#000000', NULL, 1, '34', NULL, 18, 10, '#000000', NULL),
       (14, 13, 20, NULL, 'Montserrat', '#000000', '#FFFFFF', 1, '40', NULL, NULL, 10, '#000000', NULL),
       (15, 13, 20, NULL, 'Montserrat', '#000000', NULL, 1, '41', NULL, 10, 10, '#000000', NULL),
       (16, 13, 20, NULL, 'Montserrat', '#000000', NULL, 1, '42', NULL, 7, 10, '#000000', NULL),
       (17, 13, 20, NULL, 'Montserrat', '#000000', NULL, 1, '43', NULL, 21, 10, '#000000', NULL),
       (18, 13, 20, NULL, 'Montserrat', '#000000', '#FFFFFF', NULL, '50', NULL, 20, 10, '#000000', NULL),
       (19, 13, 20, NULL, 'Montserrat', '#000000', NULL, 1, '51', NULL, 20, 10, '#000000', NULL),
       (20, 13, 20, NULL, 'Montserrat', '#000000', NULL, 1, '52', NULL, 20, 10, '#000000', NULL),
       (21, 13, 20, NULL, 'Montserrat', '#000000', NULL, 1, '53', NULL, 20, 10, '#000000', NULL),
       (22, 13, 20, NULL, 'Montserrat', '#000000', NULL, 1, '54', NULL, 20, 10, '#000000', NULL),
       (23, 13, 20, NULL, 'Montserrat', '#000000', NULL, 1, '55', NULL, 20, 10, '#000000', NULL),
       (24, 13, 20, NULL, 'Montserrat', '#000000', NULL, 1, '56', NULL, 20, 10, '#000000', NULL),
       (25, 13, 20, NULL, 'Montserrat', '#000000', NULL, 1, '57', NULL, 20, 10, '#000000', NULL),
       (26, 13, 20, NULL, 'Montserrat', '#000000', NULL, 1, '58', NULL, 20, 10, '#000000', NULL),
       (27, 13, 20, NULL, 'Montserrat', '#000000', NULL, 1, '59', NULL, 20, 10, '#000000', NULL),
       (28, 13, 20, NULL, 'Montserrat', '#000000', NULL, 1, '510', NULL, 20, 10, '#000000', NULL),
       (29, 13, 20, NULL, 'Montserrat', '#000000', '#FFFFFF', NULL, '60', NULL, 20, 10, '#000000', NULL),
       (30, 13, 20, NULL, 'Montserrat', '#000000', NULL, 1, '61', NULL, 26, 10, '#000000', NULL),
       (31, 13, 20, NULL, 'Montserrat', '#000000', NULL, 1, '62', NULL, 25, 10, '#000000', NULL),
       (32, 13, 20, NULL, 'Montserrat', '#000000', NULL, 1, '63', NULL, 24, 10, '#000000', NULL),
       (33, 13, 20, NULL, 'Montserrat', '#000000', NULL, 1, '64', NULL, 23, 10, '#000000', NULL),
       (34, 13, 20, NULL, 'Montserrat', '#000000', NULL, 1, '65', NULL, 22, 10, '#000000', NULL);



INSERT IGNORE INTO LaisserTrace (id_personnel, horodatage, intitule, eval_texte, commentaire_texte, eval_audio,
                                 commentaire_audio, apprenti, id_fiche)
VALUES (3, '2023-05-20 07:12:01', 'Commentaire intervenant', 'Eval ipsum, ca s\'est plutot bien passé',
        'Commentaire ipsum, ca s\'est plutot bien passé', NULL, NULL, 0, 3),
       (3, '2023-08-21 14:34:01', 'Commentaire intervenant', 'Eval ipsum, ca s\'est assez bien passé',
        'Commentaire ipsum, ca s\'est assez bien passé', NULL, NULL, 0, 4),
       (3, '2023-12-17 01:01:01', 'Commentaire intervenant', 'Eval ipsum, ca s\'est quand meme bien passé',
        'Commentaire ipsum, ca s\'est quand meme bien passé', NULL, NULL, 0, 5),
       (3, '2023-05-20 07:13:01', 'Commentaire apprentis', 'Eval ipsum, ca s\'est plutot bien passé',
        'Commentaire ipsum, ca s\'est plutot bien passé', NULL, NULL, 1, 3),
       (3, '2023-08-21 14:35:01', 'Commentaire apprentis', 'Eval ipsum, ca s\'est assez bien passé',
        'Commentaire ipsum, ca s\'est assez bien passé', NULL, NULL, 1, 4),
       (3, '2023-12-17 01:02:01', 'Commentaire apprentis', 'Eval ipsum, ca s\'est quand meme bien passé',
        'Commentaire ipsum, ca s\'est quand meme bien passé', NULL, NULL, 1, 5),
       (4, '2023-03-17 12:30:00', 'Commentaire intervenant', 'Eval ipsum, ca s\'est bien passé',
        'Commentaire ipsum, ca s\'est bien passé', NULL, NULL, 0, 7),
       (4, '2023-05-20 07:12:01', 'Commentaire intervenant', 'Eval ipsum, ca s\'est plutot bien passé',
        'Commentaire ipsum, ca s\'est plutot bien passé', NULL, NULL, 0, 8),
       (5, '2023-08-21 14:34:01', 'Commentaire intervenant', 'Eval ipsum, ca s\'est assez bien passé',
        'Commentaire ipsum, ca s\'est assez bien passé', NULL, NULL, 0, 9),
       (5, '2023-12-17 01:01:01', 'Commentaire intervenant', 'Eval ipsum, ca s\'est quand meme bien passé',
        'Commentaire ipsum, ca s\'est quand meme bien passé', NULL, NULL, 0, 6),
       (4, '2023-03-17 12:31:00', 'Commentaire apprentis', 'Eval ipsum, ca s\'est bien passé',
        'Commentaire ipsum, ca s\'est bien passé', NULL, NULL, 1, 7),
       (4, '2023-05-20 07:13:01', 'Commentaire apprentis', 'Eval ipsum, ca s\'est plutot bien passé',
        'Commentaire ipsum, ca s\'est plutot bien passé', NULL, NULL, 1, 8),
       (5, '2023-08-21 14:35:01', 'Commentaire apprentis', 'Eval ipsum, ca s\'est assez bien passé',
        'Commentaire ipsum, ca s\'est assez bien passé', NULL, NULL, 1, 9),
       (5, '2023-12-17 01:02:01', 'Commentaire apprentis', 'Eval ipsum, ca s\'est quand meme bien passé',
        'Commentaire ipsum, ca s\'est quand meme bien passé', NULL, NULL, 1, 6),
       (5, '2023-03-17 12:31:00', 'Commentaire intervenant', 'Eval ipsum, ca s\'est bien passé',
        'Commentaire ipsum, ca s\'est bien passé', NULL, NULL, 0, 12),
       (5, '2023-05-20 07:12:01', 'Commentaire intervenant', 'Eval ipsum, ca s\'est plutot bien passé',
        'Commentaire ipsum, ca s\'est plutot bien passé', NULL, NULL, 0, 10),
       (4, '2023-08-21 14:34:01', 'Commentaire intervenant', 'Eval ipsum, ca s\'est assez bien passé',
        'Commentaire ipsum, ca s\'est assez bien passé', NULL, NULL, 0, 11),
       (4, '2023-12-17 01:01:01', 'Commentaire intervenant', 'Eval ipsum, ca s\'est quand meme bien passé',
        'Commentaire ipsum, ca s\'est quand meme bien passé', NULL, NULL, 0, 13),
       (5, '2023-03-17 12:31:00', 'Commentaire apprentis', 'Eval ipsum, ca s\'est bien passé',
        'Commentaire ipsum, ca s\'est bien passé', NULL, NULL, 1, 12),
       (5, '2023-05-20 07:13:01', 'Commentaire apprentis', 'Eval ipsum, ca s\'est plutot bien passé',
        'Commentaire ipsum, ca s\'est plutot bien passé', NULL, NULL, 1, 10),
       (4, '2023-08-21 14:35:01', 'Commentaire apprentis', 'Eval ipsum, ca s\'est assez bien passé',
        'Commentaire ipsum, ca s\'est assez bien passé', NULL, NULL, 1, 11),
       (4, '2023-12-17 01:02:03', 'Commentaire apprentis', 'Eval ipsum, ca s\'est quand meme bien passé',
        'Commentaire ipsum, ca s\'est quand meme bien passé', NULL, NULL, 1, 13);


INSERT INTO Materiel (nom, lien, categorie)
VALUES ('Cable de terre', 'elec/cable_terre.jpg', 'Electrique'),
       ('Denudeur de cables', 'elec/denuder_cable.jpg', 'Electrique'),
       ('Multimetre', 'elec/multimetre.jpg', 'Electrique'),
       ('Multiprise', 'elec/multiprise.jpg', 'Electrique'),
       ('Pince à dénuder', 'elec/pince_denuder.jpg', 'Electrique'),
       ('Pince universelle isolée', 'elec/pince_universelle_isolee.jpg', 'Electrique'),
       ('Tournevis électriques', 'elec/tournevis_elec.jpg', 'Electrique'),
       ('Chalumeau 1', 'plomb/chalumeau1.jpg', 'Plomberie'),
       ('Chalumeau 2', 'plomb/chalumeau2.jpg', 'Plomberie'),
       ('Clée à molette', 'plomb/cle_molette.jpg', 'Plomberie'),
       ('Coupe tube cuivre', 'plomb/coupe_tube_cuivre.jpg', 'Plomberie'),
       ('Coupe tube PVC', 'plomb/coupe_tube_pvc.jpg', 'Plomberie'),
       ('Emboiture', 'plomb/emboiture.jpg', 'Plomberie'),
       ('Molette Virax', 'plomb/molette_virax.jpg', 'Plomberie'),
       ('Pince multiprises', 'plomb/molette_virax.jpg', 'Plomberie'),
       ('Beton', 'general/beton.jpg', 'General'),
       ('Chevilles molly', 'general/chevilles_molly.jpg', 'General'),
       ('Chevilles plastique', 'general/chevilles_plastiques.jpg', 'General'),
       ('Crampon','general/crampon.jpg', 'General'),
       ('Marteau','general/marteau.jpg', 'General'),
       ('Metal','general/metal.png', 'General'),
       ('Metre','general/metre.jpg', 'General'),
       ('Niveau','general/niveau.jpg', 'General'),
       ('Perfo','general/perfo.jpg', 'General'),
       ('Pince à chevilles molly','general/pince_chevilles_molly.jpg', 'General'),
       ('Tournevis cruciforme', 'general/tournevis_cruciforme.jpg', 'General'),
        ('Tournevis plat', 'general/tournevis_plat.jpg', 'General'),
        ('Tournevis','general/tournevis.jpg', 'General'),
        ('Visseuse','general/visseuse.jpg', 'General');

INSERT INTO FicheIntervention VALUES (14,4,'Popoff','2024-01-17','CRDOC','Lorem ipsum blablabla',3,'jaune',1,'2024-01-16 11:47:54',NULL,NULL,'Bernard','Daniel',3,2,3),
(20,5,'Magnaux','2024-01-02','IUT Paul Sabatier','ertyuiopkihugkjrtfoiqzejgpohazieugfocaéimzhifuzegscuyhqdpoifpoa',2,'orange',1,'2023-01-01 11:52:09',null,null,'Pierre','Jean',3,2,2),
(21,6,'Chocolatine','2023-11-29','McDo','npçvgagahjp,oezp,gonfiacgbuzfacpko,zga^;pk rihu',1,'rouge',1,'2023-11-22 11:52:09',null,null,'Jackson','Mickael',4,2,3),
(22,7,'Noël','2023-12-27','Pôle Nord','Ho ho ho, tu dois m''aider à réparer mes toilettes, jeune apprenti!',4,'vert',2,'2023-12-25 11:52:09',null,null,'Lutin','Petit',3,2,4),
(23,8,'Princeton','2023-07-19','Village de Konoha','azertyuiop^ùmlkjhgfdsdcvbnuhjksdvolj moinzhgiuekjrbgoljeprodjv^pmqdkiclgzuj',2,'orange',2,'2023-07-16 11:52:09',null,null,'Bernard','Daniel',4,2,4),
(24,9,'Sparrow','2023-10-25','Bateau Piratus Maximus','Eh aide moi à déboucher les toilettes!',4,'vert',1,'2023-10-04 11:52:09',null,null,'Obama','Barack',4,2,3);

INSERT INTO ComposerPresentation (id_element, id_fiche, taille_texte, audio, police, couleur, couleur_fond,
                                  niveau, position_elem, ordre_saisie_focus, id_pictogramme, taille_pictogramme,
                                  couleur_pictogramme, id_materiel)
VALUES (1, 14, 20, NULL, 'Montserrat', '#000000', '#FFFFFF', NULL, '10', NULL, NULL, 10, '#000000', NULL),
       (2, 14, 20, NULL, 'Montserrat', '#000000', NULL, 1, '11', NULL, 3, 10, '#000000', NULL),
       (3, 14, 20, NULL, 'Montserrat', '#000000', NULL, 1, '12', NULL, 11, 10, '#000000', NULL),
       (4, 14, 20, NULL, 'Montserrat', '#000000', NULL, 1, '13', NULL, 9, 10, '#000000', NULL),
       (5, 14, 20, NULL, 'Montserrat', '#000000', '#FFFFFF', NULL, '20', NULL, NULL, 10, '#000000', NULL),
       (6, 14, 20, NULL, 'Montserrat', '#000000', NULL, 1, '21', NULL, 2, 10, '#000000', NULL),
       (7, 14, 20, NULL, 'Montserrat', '#000000', NULL, 1, '22', NULL, 17, 10, '#000000', NULL),
       (8, 14, 20, NULL, 'Montserrat', '#000000', NULL, 1, '23', NULL, 4, 10, '#000000', NULL),
       (9, 14, 20, NULL, 'Montserrat', '#000000', '#FFFFFF', NULL, '30', NULL, NULL, 10, '#000000', NULL),
       (10, 14, 20, NULL, 'Montserrat', '#000000', NULL, 1, '31', NULL, 12, 10, '#000000', NULL),
       (11, 14, 20, NULL, 'Montserrat', '#000000', NULL, 1, '32', NULL, 13, 10, '#000000', NULL),
       (12, 14, 20, NULL, 'Montserrat', '#000000', NULL, 1, '33', NULL, 14, 10, '#000000', NULL),
       (13, 14, 20, NULL, 'Montserrat', '#000000', NULL, 1, '34', NULL, 18, 10, '#000000', NULL),
       (14, 14, 20, NULL, 'Montserrat', '#000000', '#FFFFFF', 1, '40', NULL, NULL, 10, '#000000', NULL),
       (15, 14, 20, NULL, 'Montserrat', '#000000', NULL, 2, '41', NULL, 10, 10, '#000000', NULL),
       (16, 14, 20, NULL, 'Montserrat', '#000000', NULL, 2, '42', NULL, 7, 10, '#000000', NULL),
       (17, 14, 20, NULL, 'Montserrat', '#000000', NULL, 2, '43', NULL, 21, 10, '#000000', NULL),
       (18, 14, 20, NULL, 'Montserrat', '#000000', '#FFFFFF', NULL, '50', NULL, 20, 10, '#000000', NULL),
       (19, 14, 20, NULL, 'Montserrat', '#000000', NULL, 2, '51', NULL, 20, 10, '#000000', 1),
       (20, 14, 20, NULL, 'Montserrat', '#000000', NULL, 2, '52', NULL, 20, 10, '#000000', 2),
       (21, 14, 20, NULL, 'Montserrat', '#000000', NULL, 2, '53', NULL, 20, 10, '#000000', 3),
       (22, 14, 20, NULL, 'Montserrat', '#000000', NULL, 2, '54', NULL, 20, 10, '#000000', 3),
       (23, 14, 20, NULL, 'Montserrat', '#000000', NULL, 2, '55', NULL, 20, 10, '#000000', 1),
       (24, 14, 20, NULL, 'Montserrat', '#000000', NULL, 2, '56', NULL, 20, 10, '#000000', 1),
       (25, 14, 20, NULL, 'Montserrat', '#000000', NULL, 2, '57', NULL, 20, 10, '#000000', 1),
       (26, 14, 20, NULL, 'Montserrat', '#000000', NULL, 2, '58', NULL, 20, 10, '#000000', 1),
       (27, 14, 20, NULL, 'Montserrat', '#000000', NULL, 2, '59', NULL, 20, 10, '#000000', 1),
       (28, 14, 20, NULL, 'Montserrat', '#000000', NULL, 2, '510', NULL, 20, 10, '#000000', 1),
       (29, 14, 20, NULL, 'Montserrat', '#000000', '#FFFFFF', NULL, '60', NULL, 20, 10, '#000000', NULL),
       (30, 14, 20, NULL, 'Montserrat', '#000000', NULL, NULL, '61', NULL, 26, 10, '#000000', NULL),
       (31, 14, 20, NULL, 'Montserrat', '#000000', NULL, NULL, '62', NULL, 25, 10, '#000000', NULL),
       (32, 14, 20, NULL, 'Montserrat', '#000000', NULL, NULL, '63', NULL, 24, 10, '#000000', NULL),
       (33, 14, 20, NULL, 'Montserrat', '#000000', NULL, NULL, '64', NULL, 23, 10, '#000000', NULL),
       (34, 14, 20, NULL, 'Montserrat', '#000000', NULL, NULL, '65', NULL, 22, 10, '#000000', NULL),
       -- Deuxième FicheIntervention
       (1, 20, 20, NULL, 'Montserrat', '#000000', '#FFFFFF', NULL, '10', NULL, NULL, 10, '#000000', NULL),
       (2, 20, 20, NULL, 'Montserrat', '#000000', NULL, 1, '11', NULL, 3, 10, '#000000', NULL),
       (3, 20, 20, NULL, 'Montserrat', '#000000', NULL, 1, '12', NULL, 11, 10, '#000000', NULL),
       (4, 20, 20, NULL, 'Montserrat', '#000000', NULL, 1, '13', NULL, 9, 10, '#000000', NULL),
       (5, 20, 20, NULL, 'Montserrat', '#000000', '#FFFFFF', NULL, '20', NULL, NULL, 10, '#000000', NULL),
       (6, 20, 20, NULL, 'Montserrat', '#000000', NULL, 2, '21', NULL, 2, 10, '#000000', NULL),
       (7, 20, 20, NULL, 'Montserrat', '#000000', NULL, 2, '22', NULL, 17, 10, '#000000', NULL),
       (8, 20, 20, NULL, 'Montserrat', '#000000', NULL, 2, '23', NULL, 4, 10, '#000000', NULL),
       (9, 20, 20, NULL, 'Montserrat', '#000000', '#FFFFFF', NULL, '30', NULL, NULL, 10, '#000000', NULL),
       (10, 20, 20, NULL, 'Montserrat', '#000000', NULL, 2, '31', NULL, 12, 10, '#000000', NULL),
       (11, 20, 20, NULL, 'Montserrat', '#000000', NULL, 2, '32', NULL, 13, 10, '#000000', NULL),
       (12, 20, 20, NULL, 'Montserrat', '#000000', NULL, 2, '33', NULL, 14, 10, '#000000', NULL),
       (13, 20, 20, NULL, 'Montserrat', '#000000', NULL, 2, '34', NULL, 18, 10, '#000000', NULL),
       (14, 20, 20, NULL, 'Montserrat', '#000000', '#FFFFFF', 1, '40', NULL, NULL, 10, '#000000', NULL),
       (15, 20, 20, NULL, 'Montserrat', '#000000', NULL, 2, '41', NULL, 10, 10, '#000000', NULL),
       (16, 20, 20, NULL, 'Montserrat', '#000000', NULL, 2, '42', NULL, 7, 10, '#000000', NULL),
       (17, 20, 20, NULL, 'Montserrat', '#000000', NULL, 2, '43', NULL, 21, 10, '#000000', NULL),
       (18, 20, 20, NULL, 'Montserrat', '#000000', '#FFFFFF', NULL, '50', NULL, 20, 10, '#000000', NULL),
       (19, 20, 20, NULL, 'Montserrat', '#000000', NULL, 2, '51', NULL, 20, 10, '#000000', 1),
       (20, 20, 20, NULL, 'Montserrat', '#000000', NULL, 2, '52', NULL, 20, 10, '#000000', 2),
       (21, 20, 20, NULL, 'Montserrat', '#000000', NULL, 2, '53', NULL, 20, 10, '#000000', 3),
       (22, 20, 20, NULL, 'Montserrat', '#000000', NULL, 2, '54', NULL, 20, 10, '#000000', 3),
       (23, 20, 20, NULL, 'Montserrat', '#000000', NULL, 2, '55', NULL, 20, 10, '#000000', 1),
       (24, 20, 20, NULL, 'Montserrat', '#000000', NULL, 2, '56', NULL, 20, 10, '#000000', 1),
       (25, 20, 20, NULL, 'Montserrat', '#000000', NULL, 2, '57', NULL, 20, 10, '#000000', 1),
       (26, 20, 20, NULL, 'Montserrat', '#000000', NULL, 2, '58', NULL, 20, 10, '#000000', 1),
       (27, 20, 20, NULL, 'Montserrat', '#000000', NULL, 2, '59', NULL, 20, 10, '#000000', 1),
       (28, 20, 20, NULL, 'Montserrat', '#000000', NULL, 2, '510', NULL, 20, 10, '#000000', 1),
       (29, 20, 20, NULL, 'Montserrat', '#000000', '#FFFFFF', NULL, '60', NULL, 20, 10, '#000000', NULL),
       (30, 20, 20, NULL, 'Montserrat', '#000000', NULL, NULL, '61', NULL, 26, 10, '#000000', NULL),
       (31, 20, 20, NULL, 'Montserrat', '#000000', NULL, NULL, '62', NULL, 25, 10, '#000000', NULL),
       (32, 20, 20, NULL, 'Montserrat', '#000000', NULL, NULL, '63', NULL, 24, 10, '#000000', NULL),
       (33, 20, 20, NULL, 'Montserrat', '#000000', NULL, NULL, '64', NULL, 23, 10, '#000000', NULL),
       (34, 20, 20, NULL, 'Montserrat', '#000000', NULL, NULL, '65', NULL, 22, 10, '#000000', NULL),
       -- troisième FicheIntervention
       (1, 21, 20, NULL, 'Montserrat', '#000000', '#FFFFFF', NULL, '10', NULL, NULL, 10, '#000000', NULL),
       (2, 21, 20, NULL, 'Montserrat', '#000000', NULL, 1, '11', NULL, 3, 10, '#000000', NULL),
       (3, 21, 20, NULL, 'Montserrat', '#000000', NULL, 1, '12', NULL, 11, 10, '#000000', NULL),
       (4, 21, 20, NULL, 'Montserrat', '#000000', NULL, 1, '13', NULL, 9, 10, '#000000', NULL),
       (5, 21, 20, NULL, 'Montserrat', '#000000', '#FFFFFF', NULL, '20', NULL, NULL, 10, '#000000', NULL),
       (6, 21, 20, NULL, 'Montserrat', '#000000', NULL, 2, '21', NULL, 2, 10, '#000000', NULL),
       (7, 21, 20, NULL, 'Montserrat', '#000000', NULL, 2, '22', NULL, 17, 10, '#000000', NULL),
       (8, 21, 20, NULL, 'Montserrat', '#000000', NULL, 2, '23', NULL, 4, 10, '#000000', NULL),
       (9, 21, 20, NULL, 'Montserrat', '#000000', '#FFFFFF', NULL, '30', NULL, NULL, 10, '#000000', NULL),
       (10, 21, 20, NULL, 'Montserrat', '#000000', NULL, 2, '31', NULL, 12, 10, '#000000', NULL),
       (11, 21, 20, NULL, 'Montserrat', '#000000', NULL, 2, '32', NULL, 13, 10, '#000000', NULL),
       (12, 21, 20, NULL, 'Montserrat', '#000000', NULL, 2, '33', NULL, 14, 10, '#000000', NULL),
       (13, 21, 20, NULL, 'Montserrat', '#000000', NULL, 2, '34', NULL, 18, 10, '#000000', NULL),
       (14, 21, 20, NULL, 'Montserrat', '#000000', '#FFFFFF', 1, '40', NULL, NULL, 10, '#000000', NULL),
       (15, 21, 20, NULL, 'Montserrat', '#000000', NULL, 3, '41', NULL, 10, 10, '#000000', NULL),
       (16, 21, 20, NULL, 'Montserrat', '#000000', NULL, 3, '42', NULL, 7, 10, '#000000', NULL),
       (17, 21, 20, NULL, 'Montserrat', '#000000', NULL, 3, '43', NULL, 21, 10, '#000000', NULL),
       (18, 21, 20, NULL, 'Montserrat', '#000000', '#FFFFFF', NULL, '50', NULL, 20, 10, '#000000', NULL),
       (19, 21, 20, NULL, 'Montserrat', '#000000', NULL, 2, '51', NULL, 20, 10, '#000000', 1),
       (20, 21, 20, NULL, 'Montserrat', '#000000', NULL, 2, '52', NULL, 20, 10, '#000000', 2),
       (21, 21, 20, NULL, 'Montserrat', '#000000', NULL, 2, '53', NULL, 20, 10, '#000000', 3),
       (22, 21, 20, NULL, 'Montserrat', '#000000', NULL, 2, '54', NULL, 20, 10, '#000000', 3),
       (23, 21, 20, NULL, 'Montserrat', '#000000', NULL, 2, '55', NULL, 20, 10, '#000000', 1),
       (24, 21, 20, NULL, 'Montserrat', '#000000', NULL, 2, '56', NULL, 20, 10, '#000000', 1),
       (25, 21, 20, NULL, 'Montserrat', '#000000', NULL, 2, '57', NULL, 20, 10, '#000000', 1),
       (26, 21, 20, NULL, 'Montserrat', '#000000', NULL, 2, '58', NULL, 20, 10, '#000000', 1),
       (27, 21, 20, NULL, 'Montserrat', '#000000', NULL, 3, '59', NULL, 20, 10, '#000000', 1),
       (28, 21, 20, NULL, 'Montserrat', '#000000', NULL, 3, '510', NULL, 20, 10, '#000000', 1),
       (29, 21, 20, NULL, 'Montserrat', '#000000', '#FFFFFF', NULL, '60', NULL, 20, 10, '#000000', NULL),
       (30, 21, 20, NULL, 'Montserrat', '#000000', NULL, NULL, '61', NULL, 26, 10, '#000000', NULL),
       (31, 21, 20, NULL, 'Montserrat', '#000000', NULL, NULL, '62', NULL, 25, 10, '#000000', NULL),
       (32, 21, 20, NULL, 'Montserrat', '#000000', NULL, NULL, '63', NULL, 24, 10, '#000000', NULL),
       (33, 21, 20, NULL, 'Montserrat', '#000000', NULL, NULL, '64', NULL, 23, 10, '#000000', NULL),
       (34, 21, 20, NULL, 'Montserrat', '#000000', NULL, NULL, '65', NULL, 22, 10, '#000000', NULL),
       -- quatrième fiche
       (1, 22, 20, NULL, 'Montserrat', '#000000', '#FFFFFF', NULL, '10', NULL, NULL, 10, '#000000', NULL),
       (2, 22, 20, NULL, 'Montserrat', '#000000', NULL, 1, '11', NULL, 3, 10, '#000000', NULL),
       (3, 22, 20, NULL, 'Montserrat', '#000000', NULL, 1, '12', NULL, 11, 10, '#000000', NULL),
       (4, 22, 20, NULL, 'Montserrat', '#000000', NULL, 1, '13', NULL, 9, 10, '#000000', NULL),
       (5, 22, 20, NULL, 'Montserrat', '#000000', '#FFFFFF', NULL, '20', NULL, NULL, 10, '#000000', NULL),
       (6, 22, 20, NULL, 'Montserrat', '#000000', NULL, 3, '21', NULL, 2, 10, '#000000', NULL),
       (7, 22, 20, NULL, 'Montserrat', '#000000', NULL, 3, '22', NULL, 17, 10, '#000000', NULL),
       (8, 22, 20, NULL, 'Montserrat', '#000000', NULL, 3, '23', NULL, 4, 10, '#000000', NULL),
       (9, 22, 20, NULL, 'Montserrat', '#000000', '#FFFFFF', NULL, '30', NULL, NULL, 10, '#000000', NULL),
       (10, 22, 20, NULL, 'Montserrat', '#000000', NULL, 3, '31', NULL, 12, 10, '#000000', NULL),
       (11, 22, 20, NULL, 'Montserrat', '#000000', NULL, 3, '32', NULL, 13, 10, '#000000', NULL),
       (12, 22, 20, NULL, 'Montserrat', '#000000', NULL, 3, '33', NULL, 14, 10, '#000000', NULL),
       (13, 22, 20, NULL, 'Montserrat', '#000000', NULL, 3, '34', NULL, 18, 10, '#000000', NULL),
       (14, 22, 20, NULL, 'Montserrat', '#000000', '#FFFFFF', 1, '40', NULL, NULL, 10, '#000000', NULL),
       (15, 22, 20, NULL, 'Montserrat', '#000000', NULL, 3, '41', NULL, 10, 10, '#000000', NULL),
       (16, 22, 20, NULL, 'Montserrat', '#000000', NULL, 3, '42', NULL, 7, 10, '#000000', NULL),
       (17, 22, 20, NULL, 'Montserrat', '#000000', NULL, 3, '43', NULL, 21, 10, '#000000', NULL),
       (18, 22, 20, NULL, 'Montserrat', '#000000', '#FFFFFF', NULL, '50', NULL, 20, 10, '#000000', NULL),
       (19, 22, 20, NULL, 'Montserrat', '#000000', NULL, 3, '51', NULL, 20, 10, '#000000', 1),
       (20, 22, 20, NULL, 'Montserrat', '#000000', NULL, 3, '52', NULL, 20, 10, '#000000', 2),
       (21, 22, 20, NULL, 'Montserrat', '#000000', NULL, 3, '53', NULL, 20, 10, '#000000', 3),
       (22, 22, 20, NULL, 'Montserrat', '#000000', NULL, 3, '54', NULL, 20, 10, '#000000', 3),
       (23, 22, 20, NULL, 'Montserrat', '#000000', NULL, 3, '55', NULL, 20, 10, '#000000', 1),
       (24, 22, 20, NULL, 'Montserrat', '#000000', NULL, 3, '56', NULL, 20, 10, '#000000', 1),
       (25, 22, 20, NULL, 'Montserrat', '#000000', NULL, 3, '57', NULL, 20, 10, '#000000', 1),
       (26, 22, 20, NULL, 'Montserrat', '#000000', NULL, 3, '58', NULL, 20, 10, '#000000', 1),
       (27, 22, 20, NULL, 'Montserrat', '#000000', NULL, 3, '59', NULL, 20, 10, '#000000', 1),
       (28, 22, 20, NULL, 'Montserrat', '#000000', NULL, 3, '510', NULL, 20, 10, '#000000', 1),
       (29, 22, 20, NULL, 'Montserrat', '#000000', '#FFFFFF', NULL, '60', NULL, 20, 10, '#000000', NULL),
       (30, 22, 20, NULL, 'Montserrat', '#000000', NULL, NULL, '61', NULL, 26, 10, '#000000', NULL),
       (31, 22, 20, NULL, 'Montserrat', '#000000', NULL, NULL, '62', NULL, 25, 10, '#000000', NULL),
       (32, 22, 20, NULL, 'Montserrat', '#000000', NULL, NULL, '63', NULL, 24, 10, '#000000', NULL),
       (33, 22, 20, NULL, 'Montserrat', '#000000', NULL, NULL, '64', NULL, 23, 10, '#000000', NULL),
       (34, 22, 20, NULL, 'Montserrat', '#000000', NULL, NULL, '65', NULL, 22, 10, '#000000', NULL),
       -- cinquième fiche
       (1, 23, 20, NULL, 'Montserrat', '#000000', '#FFFFFF', NULL, '10', NULL, NULL, 10, '#000000', NULL),
       (2, 23, 20, NULL, 'Montserrat', '#000000', NULL, 1, '11', NULL, 3, 10, '#000000', NULL),
       (3, 23, 20, NULL, 'Montserrat', '#000000', NULL, 1, '12', NULL, 11, 10, '#000000', NULL),
       (4, 23, 20, NULL, 'Montserrat', '#000000', NULL, 1, '13', NULL, 9, 10, '#000000', NULL),
       (5, 23, 20, NULL, 'Montserrat', '#000000', '#FFFFFF', NULL, '20', NULL, NULL, 10, '#000000', NULL),
       (6, 23, 20, NULL, 'Montserrat', '#000000', NULL, 3, '21', NULL, 2, 10, '#000000', NULL),
       (7, 23, 20, NULL, 'Montserrat', '#000000', NULL, 3, '22', NULL, 17, 10, '#000000', NULL),
       (8, 23, 20, NULL, 'Montserrat', '#000000', NULL, 3, '23', NULL, 4, 10, '#000000', NULL),
       (9, 23, 20, NULL, 'Montserrat', '#000000', '#FFFFFF', NULL, '30', NULL, NULL, 10, '#000000', NULL),
       (10, 23, 20, NULL, 'Montserrat', '#000000', NULL, 3, '31', NULL, 12, 10, '#000000', NULL),
       (11, 23, 20, NULL, 'Montserrat', '#000000', NULL, 3, '32', NULL, 13, 10, '#000000', NULL),
       (12, 23, 20, NULL, 'Montserrat', '#000000', NULL, 2, '33', NULL, 14, 10, '#000000', NULL),
       (13, 23, 20, NULL, 'Montserrat', '#000000', NULL, 2, '34', NULL, 18, 10, '#000000', NULL),
       (14, 23, 20, NULL, 'Montserrat', '#000000', '#FFFFFF', 1, '40', NULL, NULL, 10, '#000000', NULL),
       (15, 23, 20, NULL, 'Montserrat', '#000000', NULL, 2, '41', NULL, 10, 10, '#000000', NULL),
       (16, 23, 20, NULL, 'Montserrat', '#000000', NULL, 2, '42', NULL, 7, 10, '#000000', NULL),
       (17, 23, 20, NULL, 'Montserrat', '#000000', NULL, 2, '43', NULL, 21, 10, '#000000', NULL),
       (18, 23, 20, NULL, 'Montserrat', '#000000', '#FFFFFF', NULL, '50', NULL, 20, 10, '#000000', NULL),
       (19, 23, 20, NULL, 'Montserrat', '#000000', NULL, 2, '51', NULL, 20, 10, '#000000', 1),
       (20, 23, 20, NULL, 'Montserrat', '#000000', NULL, 2, '52', NULL, 20, 10, '#000000', 2),
       (21, 23, 20, NULL, 'Montserrat', '#000000', NULL, 3, '53', NULL, 20, 10, '#000000', 3),
       (22, 23, 20, NULL, 'Montserrat', '#000000', NULL, 3, '54', NULL, 20, 10, '#000000', 3),
       (23, 23, 20, NULL, 'Montserrat', '#000000', NULL, 3, '55', NULL, 20, 10, '#000000', 1),
       (24, 23, 20, NULL, 'Montserrat', '#000000', NULL, 3, '56', NULL, 20, 10, '#000000', 1),
       (25, 23, 20, NULL, 'Montserrat', '#000000', NULL, 3, '57', NULL, 20, 10, '#000000', 1),
       (26, 23, 20, NULL, 'Montserrat', '#000000', NULL, 2, '58', NULL, 20, 10, '#000000', 1),
       (27, 23, 20, NULL, 'Montserrat', '#000000', NULL, 2, '59', NULL, 20, 10, '#000000', 1),
       (28, 23, 20, NULL, 'Montserrat', '#000000', NULL, 2, '510', NULL, 20, 10, '#000000', 1),
       (29, 23, 20, NULL, 'Montserrat', '#000000', '#FFFFFF', NULL, '60', NULL, 20, 10, '#000000', NULL),
       (30, 23, 20, NULL, 'Montserrat', '#000000', NULL, NULL, '61', NULL, 26, 10, '#000000', NULL),
       (31, 23, 20, NULL, 'Montserrat', '#000000', NULL, NULL, '62', NULL, 25, 10, '#000000', NULL),
       (32, 23, 20, NULL, 'Montserrat', '#000000', NULL, NULL, '63', NULL, 24, 10, '#000000', NULL),
       (33, 23, 20, NULL, 'Montserrat', '#000000', NULL, NULL, '64', NULL, 23, 10, '#000000', NULL),
       (34, 23, 20, NULL, 'Montserrat', '#000000', NULL, NULL, '65', NULL, 22, 10, '#000000', NULL),
       -- sixième fiche
       (1, 24, 20, NULL, 'Montserrat', '#000000', '#FFFFFF', NULL, '10', NULL, NULL, 10, '#000000', NULL),
       (2, 24, 20, NULL, 'Montserrat', '#000000', NULL, 1, '11', NULL, 3, 10, '#000000', NULL),
       (3, 24, 20, NULL, 'Montserrat', '#000000', NULL, 1, '12', NULL, 11, 10, '#000000', NULL),
       (4, 24, 20, NULL, 'Montserrat', '#000000', NULL, 1, '13', NULL, 9, 10, '#000000', NULL),
       (5, 24, 20, NULL, 'Montserrat', '#000000', '#FFFFFF', NULL, '20', NULL, NULL, 10, '#000000', NULL),
       (6, 24, 20, NULL, 'Montserrat', '#000000', NULL, 2, '21', NULL, 2, 10, '#000000', NULL),
       (7, 24, 20, NULL, 'Montserrat', '#000000', NULL, 2, '22', NULL, 17, 10, '#000000', NULL),
       (8, 24, 20, NULL, 'Montserrat', '#000000', NULL, 2, '23', NULL, 4, 10, '#000000', NULL),
       (9, 24, 20, NULL, 'Montserrat', '#000000', '#FFFFFF', NULL, '30', NULL, NULL, 10, '#000000', NULL),
       (10, 24, 20, NULL, 'Montserrat', '#000000', NULL, 2, '31', NULL, 12, 10, '#000000', NULL),
       (11, 24, 20, NULL, 'Montserrat', '#000000', NULL, 2, '32', NULL, 13, 10, '#000000', NULL),
       (12, 24, 20, NULL, 'Montserrat', '#000000', NULL, 3, '33', NULL, 14, 10, '#000000', NULL),
       (13, 24, 20, NULL, 'Montserrat', '#000000', NULL, 3, '34', NULL, 18, 10, '#000000', NULL),
       (14, 24, 20, NULL, 'Montserrat', '#000000', '#FFFFFF', 1, '40', NULL, NULL, 10, '#000000', NULL),
       (15, 24, 20, NULL, 'Montserrat', '#000000', NULL, 2, '41', NULL, 10, 10, '#000000', NULL),
       (16, 24, 20, NULL, 'Montserrat', '#000000', NULL, 2, '42', NULL, 7, 10, '#000000', NULL),
       (17, 24, 20, NULL, 'Montserrat', '#000000', NULL, 2, '43', NULL, 21, 10, '#000000', NULL),
       (18, 24, 20, NULL, 'Montserrat', '#000000', '#FFFFFF', NULL, '50', NULL, 20, 10, '#000000', NULL),
       (19, 24, 20, NULL, 'Montserrat', '#000000', NULL, 2, '51', NULL, 20, 10, '#000000', 1),
       (20, 24, 20, NULL, 'Montserrat', '#000000', NULL, 2, '52', NULL, 20, 10, '#000000', 2),
       (21, 24, 20, NULL, 'Montserrat', '#000000', NULL, 3, '53', NULL, 20, 10, '#000000', 3),
       (22, 24, 20, NULL, 'Montserrat', '#000000', NULL, 3, '54', NULL, 20, 10, '#000000', 3),
       (23, 24, 20, NULL, 'Montserrat', '#000000', NULL, 3, '55', NULL, 20, 10, '#000000', 1),
       (24, 24, 20, NULL, 'Montserrat', '#000000', NULL, 2, '56', NULL, 20, 10, '#000000', 1),
       (25, 24, 20, NULL, 'Montserrat', '#000000', NULL, 2, '57', NULL, 20, 10, '#000000', 1),
       (26, 24, 20, NULL, 'Montserrat', '#000000', NULL, 2, '58', NULL, 20, 10, '#000000', 1),
       (27, 24, 20, NULL, 'Montserrat', '#000000', NULL, 2, '59', NULL, 20, 10, '#000000', 1),
       (28, 24, 20, NULL, 'Montserrat', '#000000', NULL, 2, '510', NULL, 20, 10, '#000000', 1),
       (29, 24, 20, NULL, 'Montserrat', '#000000', '#FFFFFF', NULL, '60', NULL, 20, 10, '#000000', NULL),
       (30, 24, 20, NULL, 'Montserrat', '#000000', NULL, NULL, '61', NULL, 26, 10, '#000000', NULL),
       (31, 24, 20, NULL, 'Montserrat', '#000000', NULL, NULL, '62', NULL, 25, 10, '#000000', NULL),
       (32, 24, 20, NULL, 'Montserrat', '#000000', NULL, NULL, '63', NULL, 24, 10, '#000000', NULL),
       (33, 24, 20, NULL, 'Montserrat', '#000000', NULL, NULL, '64', NULL, 23, 10, '#000000', NULL),
       (34, 24, 20, NULL, 'Montserrat', '#000000', NULL, NULL, '65', NULL, 22, 10, '#000000', NULL);